_id,cand_ana,tweet
592fccec0b09e72334d11a72,"{'binay': 3, 'duterte': -1, 'poe': -1, 'roxas': -1, 'santiago': -1}","['@592fcc950b09e72334d10642', '@592fcc950b09e72334d11118', 'itim', 'binay', 'lol']"
592fccec0b09e72334d11aa4,"{'binay': 2, 'duterte': -1, 'poe': -1, 'roxas': -1, 'santiago': -1}","['@592fcc950b09e72334d1111f', 'katabi', 'binay']"
592fccec0b09e72334d11ab0,"{'binay': 1, 'duterte': -1, 'poe': -1, 'roxas': -1, 'santiago': -1}","['candy', 'binay', 'candy', 'hahahaha']"
592fccec0b09e72334d11abd,"{'binay': 2, 'duterte': -1, 'poe': -1, 'roxas': 1, 'santiago': -1}","['@592fcc950b09e72334d11121', 'jejumar', 'binay']"
592fccec0b09e72334d11b0a,"{'binay': 0, 'duterte': -1, 'poe': -1, 'roxas': -1, 'santiago': -1}","['binay', 'naman']"
592fccec0b09e72334d11b94,"{'binay': 4, 'duterte': -1, 'poe': -1, 'roxas': -1, 'santiago': -1}","['kaunaunahang', 'kanta', 'kinanta', 'sakin', 'binay']"
592fccec0b09e72334d11cd4,"{'binay': 4, 'duterte': 1, 'poe': -1, 'roxas': -1, 'santiago': -1}","['pres', 'duterte', 'maglalabas', 'listahan', 'binayarang', 'media']"
592fccec0b09e72334d11dc8,"{'binay': 4, 'duterte': -1, 'poe': -1, 'roxas': -1, 'santiago': -1}","['countries', 'reaction', 'philippine', 'presidentiables', 'binay', 'looked', 'like', 'yoda', 'star', 'wars']"
592fccec0b09e72334d11df3,"{'binay': 1, 'duterte': -1, 'poe': -1, 'roxas': -1, 'santiago': -1}","['@592fcc950b09e72334d1118a', 'binay', 'haha']"
592fccec0b09e72334d11e26,"{'binay': 1, 'duterte': -1, 'poe': -1, 'roxas': -1, 'santiago': -1}","['@592fcc950b09e72334d1118f', 'binay', 'binay']"
592fccec0b09e72334d11f13,"{'binay': 6, 'duterte': -1, 'poe': -1, 'roxas': -1, 'santiago': -1}","['@592fcc950b09e72334d111b8', '@592fcc950b09e72334d0efca', '@592fcc950b09e72334d1115c', '@592fcc950b09e72334d0f2e0', 'think', 'like', 'binay', 'makati']"
592fccec0b09e72334d11f14,"{'binay': 1, 'duterte': -1, 'poe': -1, 'roxas': -1, 'santiago': -1}","['@592fcc950b09e72334d111b9', 'binay', 'lol', 'hahahaha', 'sakto', '?']"
592fccec0b09e72334d11f16,"{'binay': 9, 'duterte': -1, 'poe': -1, 'roxas': -1, 'santiago': -1}","['reading', 'news', 'item', 'columns', 'daily', 'tribune', 'concluded', 'moved', 'defeat', 'binay']"
592fccec0b09e72334d11f4c,"{'binay': 4, 'duterte': -1, 'poe': -1, 'roxas': 4, 'santiago': -1}","['@592fcc950b09e72334d0f2e0', 'totoo', 'yan', 'kasabay', 'jejomar', 'binay', 'nanay', 'activist', 'time', 'marcos', 'tatay', 'marcos', 'cronies', 'kaya', 'ugali']"
592fccec0b09e72334d11f62,"{'binay': 1, 'duterte': -1, 'poe': -1, 'roxas': -1, 'santiago': -1}","['parang', 'binay', 'hahahahaha', 'indayyyy', 'elnella', 'onasapjunetastic']"
592fccec0b09e72334d11f70,"{'binay': 2, 'duterte': -1, 'poe': -1, 'roxas': -1, 'santiago': -1}","['nakasalubong', 'former', 'binay', 'church', 'kanina', 'smiled', 'smiled', 'naman', '??']"
592fccec0b09e72334d11f8d,"{'binay': 1, 'duterte': -1, 'poe': -1, 'roxas': -1, 'santiago': -1}","['parang', 'binay', 'hahahahaha', 'indayyyy', 'elnella', 'onasapjunetastic']"
592fccec0b09e72334d11fad,"{'binay': 0, 'duterte': -1, 'poe': -1, 'roxas': -1, 'santiago': -1}","['binay', 'huhu']"
592fccec0b09e72334d12012,"{'binay': 5, 'duterte': -1, 'poe': 3, 'roxas': -1, 'santiago': 4}","['sana', 'next', 'week', 'poe', 'miriam', 'binay', 'nmn', 'hehhehe', 'kapusobrigade']"
592fccec0b09e72334d12029,"{'binay': 3, 'duterte': -1, 'poe': -1, 'roxas': -1, 'santiago': -1}","['@592fcc950b09e72334d111ce', '@592fcc950b09e72334d111cf', 'nakota', 'binay', 'baka', 'sabihin', 'pang', 'yung', 'nawawala', 'kong', 'anak?']"
592fccec0b09e72334d12084,"{'binay': 4, 'duterte': 1, 'poe': -1, 'roxas': -1, 'santiago': -1}","['pres', 'duterte', 'maglalabas', 'listahan', 'binayarang', 'media', 'excited']"
592fccec0b09e72334d1208a,"{'binay': 2, 'duterte': -1, 'poe': -1, 'roxas': -1, 'santiago': -1}","['gloc9', 'performd', 'binay', 'rally', 'last', 'election']"
592fccec0b09e72334d1211c,"{'binay': 7, 'duterte': 4, 'poe': -1, 'roxas': -1, 'santiago': -1}","['abs', 'cbn', 'forever', 'anti', 'duterte', 'heard', 'aquino', 'binay', 'administration', 'estrada', 'arroyo']"
592fccec0b09e72334d12144,"{'binay': 6, 'duterte': 9, 'poe': 5, 'roxas': 8, 'santiago': 7}","['single', 'group', 'monopoly', 'decency', 'could', 'grace', 'binay', 'miriam', 'mar', 'duterte', 'decent', 'decency']"
592fccec0b09e72334d121ab,"{'binay': 6, 'duterte': 9, 'poe': 5, 'roxas': 8, 'santiago': 7}","['single', 'group', 'monopoly', 'decency', 'could', 'grace', 'binay', 'miriam', 'mar', 'duterte', 'decent', 'decency']"
592fccec0b09e72334d122da,"{'binay': 5, 'duterte': -1, 'poe': -1, 'roxas': -1, 'santiago': -1}","['cayetano', 'effort', 'look', 'good', 'against', 'binay', 'completely', 'wiped', 'ran', 'wrong', 'president']"
592fccec0b09e72334d122e9,"{'binay': 1, 'duterte': -1, 'poe': -1, 'roxas': -1, 'santiago': -1}","['baby', 'binay', 'haha', 'happy', 'first', 'month', 'sauquillo', 'family', '?']"
592fcced0b09e72334d123e9,"{'binay': 7, 'duterte': -1, 'poe': -1, 'roxas': -1, 'santiago': -1}","['hahahaha', 'sana', 'una', 'puso', 'yeol', 'parang', 'katulad', 'binay', 'only', 'rish']"
592fcced0b09e72334d1242b,"{'binay': 4, 'duterte': -1, 'poe': -1, 'roxas': -1, 'santiago': -1}","['@592fcc950b09e72334d11245', 'sus', 'etong', 'anak', 'binay', 'naman', 'wag', 'kanang', 'ganyan', 'love', 'kita']"
592fcced0b09e72334d12481,"{'binay': 4, 'duterte': -1, 'poe': -1, 'roxas': -1, 'santiago': -1}","['mood', 'happy', 'bright', 'dark', 'binay', 'real', 'quick']"
592fcced0b09e72334d125b2,"{'binay': 8, 'duterte': -1, 'poe': 7, 'roxas': -1, 'santiago': -1}","['@592fcc950b09e72334d1126a', '@592fcc950b09e72334d1126b', 'hayàn', 'nman', 'silent', 'majority', 'tinanggihan', 'grace', 'binay', 'uuto', 'naman']"
592fcced0b09e72334d125db,"{'binay': 0, 'duterte': -1, 'poe': -1, 'roxas': -1, 'santiago': -1}","['binay', 'nachos', 'aiesec', 'chocolates', 'myka', 'tee']"
592fcced0b09e72334d1265c,"{'binay': 3, 'duterte': -1, 'poe': -1, 'roxas': -1, 'santiago': -1}","['@592fcc950b09e72334d1127f', 'support', 'support', 'binay', '?', 'hahaha', '?']"
592fcced0b09e72334d126a3,"{'binay': 3, 'duterte': -1, 'poe': -1, 'roxas': -1, 'santiago': -1}","['gantihan', 'lang', 'abigail', 'binay', 'filed', 'election', 'protest', 'against', 'kid', 'peña']"
592fcced0b09e72334d126ef,"{'binay': 6, 'duterte': 5, 'poe': -1, 'roxas': -1, 'santiago': -1}","['@592fcc950b09e72334d1117e', '@592fcc950b09e72334d11295', '@592fcc950b09e72334d11296', '@592fcc950b09e72334d11216', 'mistaken', 'duterte', 'binay']"
592fcced0b09e72334d1271f,"{'binay': 4, 'duterte': -1, 'poe': -1, 'roxas': -1, 'santiago': -1}","['@592fcc950b09e72334d1129f', 'hoy', 'gago', 'respeto', 'binay']"
592fcced0b09e72334d12729,"{'binay': 10, 'duterte': -1, 'poe': -1, 'roxas': -1, 'santiago': -1}","['@592fcc950b09e72334d112a3', '@592fcc950b09e72334d112a4', 'grabe', 'akin', 'ivy', 'ayaw', 'pinsan', 'kuya', 'jun', 'jun', 'binay', 'hahaha']"
592fcced0b09e72334d1274c,"{'binay': 2, 'duterte': -1, 'poe': -1, 'roxas': -1, 'santiago': -1}","['daryl', 'ong', 'binay', 'binay', '~', 'srys', 'daryl', 'ong', 'michael', 'constantino']"
592fcced0b09e72334d1275a,"{'binay': 3, 'duterte': -1, 'poe': -1, 'roxas': -1, 'santiago': -1}","['@592fcc950b09e72334d112ad', 'hahahahha', 'paba', 'binay', 'hahahahhaha']"
592fcced0b09e72334d1277b,"{'binay': 2, 'duterte': -1, 'poe': -1, 'roxas': -1, 'santiago': -1}","['@592fcc950b09e72334d112b0', 'rereklamo', 'binay', 'hahahahaha', 'kainis', 'effective', 'bwisit']"
592fcced0b09e72334d12799,"{'binay': 5, 'duterte': -1, 'poe': -1, 'roxas': -1, 'santiago': -1}","['@592fcc950b09e72334d1119c', 'dun', 'nagsimula', 'alamat', 'jojo', 'binay']"
592fcced0b09e72334d127c1,"{'binay': 0, 'duterte': -1, 'poe': -1, 'roxas': -1, 'santiago': -1}","['binay', '??????']"
592fcced0b09e72334d127cc,"{'binay': 4, 'duterte': 1, 'poe': -1, 'roxas': -1, 'santiago': -1}","['pres', 'duterte', 'maglalabas', 'listahan', 'binayarang', 'media', 'latest', 'press', 'con', 'president', 'elect']"
592fcced0b09e72334d127e5,"{'binay': 6, 'duterte': -1, 'poe': -1, 'roxas': -1, 'santiago': -1}","['@592fcc950b09e72334d112cb', 'siguro', 'amiel', 'hahahaha', 'gusto', 'sana', 'binay', 'levels', 'kaso', 'achieve', 'kahit', 'sobrang', 'init']"
592fcced0b09e72334d12822,"{'binay': 1, 'duterte': -1, 'poe': -1, 'roxas': -1, 'santiago': -1}","['kulay', 'binay', 'nanaman', 'swimming']"
592fcced0b09e72334d12824,"{'binay': 1, 'duterte': -1, 'poe': -1, 'roxas': -1, 'santiago': -1}","['hahahaha', 'binay']"
592fcced0b09e72334d12874,"{'binay': 2, 'duterte': -1, 'poe': -1, 'roxas': -1, 'santiago': -1}","['skyway', 'southbound', 'binay', 'motorcade', 'probably', 'ocular', 'new', 'residence', 'bilibid']"
592fcced0b09e72334d128a1,"{'binay': 0, 'duterte': 1, 'poe': -1, 'roxas': -1, 'santiago': -1}","['binay', 'duterte', 'guy']"
592fcced0b09e72334d12927,"{'binay': 3, 'duterte': -1, 'poe': -1, 'roxas': 5, 'santiago': -1}","['@592fcc950b09e72334d0f553', 'hmmm', 'kill', 'binay', 'estrada', 'roxas', 'medal', 'good', 'know']"
592fcced0b09e72334d129c6,"{'binay': 3, 'duterte': -1, 'poe': -1, 'roxas': -1, 'santiago': -1}","['guys', 'totoo', 'kumakalat', 'binay', 'saturday', 'sabado', 'wala', 'pong', 'remind', 'kayo', 'chismis']"
592fcced0b09e72334d12a68,"{'binay': 3, 'duterte': -1, 'poe': -1, 'roxas': -1, 'santiago': -1}","['wow', 'hanggang', 'ngayon', 'binay', 'padin']"
592fcced0b09e72334d12aa2,"{'binay': 8, 'duterte': -1, 'poe': -1, 'roxas': -1, 'santiago': -1}","['@592fcc950b09e72334d1130e', '@592fcc950b09e72334d1130f', '@592fcc950b09e72334d11310', '@592fcc950b09e72334d11311', 'kamo', 'baaaaa', 'gimingaw', 'namong', 'binay', 'hahahaha']"
592fcced0b09e72334d12b58,"{'binay': 10, 'duterte': 1, 'poe': -1, 'roxas': -1, 'santiago': -1}","['@592fcc950b09e72334d11191', 'duterte', 'robredo', 'administration', 'cking', 'nuts', 'call', 'past', 'admin', 'aquino', 'binay', 'administration']"
592fcced0b09e72334d12b90,"{'binay': 1, 'duterte': -1, 'poe': -1, 'roxas': 2, 'santiago': -1}","['kala', 'binay', 'marami', 'nadaw', 'nagawa']"
592fcced0b09e72334d12df4,"{'binay': 2, 'duterte': 7, 'poe': -1, 'roxas': -1, 'santiago': -1}","['@592fcc950b09e72334d11361', 'campaign', 'binay', 'mentioned', 'joseph', 'goebbels', 'seems', 'duterte', 'machinery', 'goebbels', 'based']"
592fcced0b09e72334d12e74,"{'binay': 5, 'duterte': -1, 'poe': -1, 'roxas': -1, 'santiago': -1}","['@592fcc950b09e72334d11374', 'ang', 'funny', 'jokes™', 'stan', 'binay', 'sobrang', 'gumala', '??', 'grpwrk', 'ulit', 'physics??', 'pinapaiyak', 'jokes', 'haha']"
592fcced0b09e72334d12e86,"{'binay': 1, 'duterte': -1, 'poe': -1, 'roxas': -1, 'santiago': -1}","['@592fcc950b09e72334d0f791', 'binay', '?omg', 'binay', '???']"
592fcced0b09e72334d12e90,"{'binay': 1, 'duterte': -1, 'poe': -1, 'roxas': -1, 'santiago': -1}","['@592fcc950b09e72334d0f791', 'binay', 'bias', 'nainform']"
592fcced0b09e72334d12ecc,"{'binay': 3, 'duterte': -1, 'poe': -1, 'roxas': -1, 'santiago': -1}","['happybirthdayy', '@592fcc950b09e72334d1137f', 'anak', 'binay', 'kamukha', 'pastillas', 'girl', '@592fcc950b09e72334d11380']"
592fcced0b09e72334d12f14,"{'binay': 14, 'duterte': 1, 'poe': -1, 'roxas': -1, 'santiago': -1}","['coloma', 'duterte', 'don', 'humiliate', 'follow', 'due', 'process', 'duh', 'told', 'pnoy', 'humiliated', 'corona', 'gma', 'bbm', 'binay']"
592fcced0b09e72334d12f16,"{'binay': 0, 'duterte': -1, 'poe': -1, 'roxas': -1, 'santiago': -1}","['binay', 'tatanggalin', 'income', 'tax', 'hoy', 'gago', 'pano', 'inaral']"
592fcced0b09e72334d12f55,"{'binay': 10, 'duterte': 5, 'poe': 7, 'roxas': 12, 'santiago': 3}","['perfect', 'pangulo', '•utak', 'miriam', '•gawa', 'duterte', '•puso', 'poe', '•lakas', 'masa', 'binay', '•outfit', 'roxas']"
592fcced0b09e72334d12fee,"{'binay': 1, 'duterte': -1, 'poe': -1, 'roxas': -1, 'santiago': -1}","['iniisip', 'binay']"
592fcced0b09e72334d13015,"{'binay': 14, 'duterte': 1, 'poe': -1, 'roxas': -1, 'santiago': -1}","['coloma', 'duterte', 'don', 'humiliate', 'follow', 'due', 'process', 'duh', 'told', 'pnoy', 'humiliated', 'corona', 'gma', 'bbm', 'binay']"
592fcced0b09e72334d130a1,"{'binay': 14, 'duterte': 1, 'poe': -1, 'roxas': -1, 'santiago': -1}","['coloma', 'duterte', 'don', 'humiliate', 'follow', 'due', 'process', 'duh', 'told', 'pnoy', 'humiliated', 'corona', 'gma', 'bbm', 'binay']"
592fcced0b09e72334d130b3,"{'binay': 10, 'duterte': -1, 'poe': -1, 'roxas': -1, 'santiago': -1}","['congress', 'graduates', 'house', 'majority', 'floor', 'leader', 'neptali', 'gonzales', 'rep', 'abigail', 'binay', 'npc', 'stalwart', 'rep', 'gigi', 'aggabao', '@592fcc950b09e72334d11130']"
592fcced0b09e72334d1313e,"{'binay': 14, 'duterte': 1, 'poe': -1, 'roxas': -1, 'santiago': -1}","['coloma', 'duterte', 'don', 'humiliate', 'follow', 'due', 'process', 'duh', 'told', 'pnoy', 'humiliated', 'corona', 'gma', 'bbm', 'binay']"
592fcced0b09e72334d1315a,"{'binay': 1, 'duterte': -1, 'poe': -1, 'roxas': -1, 'santiago': -1}","['@592fcc950b09e72334d113c6', 'binay', 'dark', 'chocolate', 'diba', '@592fcc950b09e72334d113c7']"
592fcced0b09e72334d13163,"{'binay': 2, 'duterte': -1, 'poe': -1, 'roxas': -1, 'santiago': -1}","['parang', 'last', 'binay', 'pena', 'hinihingian', 'suspension', 'ngayon', 'erap', 'naman', 'ahaha']"
592fcced0b09e72334d1316d,"{'binay': 2, 'duterte': -1, 'poe': -1, 'roxas': 2, 'santiago': -1}","['tol', 'kamukha', 'jejomar', 'binay', 'hahaahahahha']"
592fcced0b09e72334d13183,"{'binay': 4, 'duterte': -1, 'poe': -1, 'roxas': 3, 'santiago': -1}","['@592fcc950b09e72334d11191', '@592fcc950b09e72334d1118b', 'lagot', 'mar', 'binay']"
592fcced0b09e72334d1318b,"{'binay': 0, 'duterte': -1, 'poe': -1, 'roxas': -1, 'santiago': -1}","['binay', 'tatanggalin', 'income', 'tax', 'hoy', 'gago', 'pano', 'inaral']"
592fcced0b09e72334d131c2,"{'binay': 6, 'duterte': -1, 'poe': -1, 'roxas': -1, 'santiago': -1}","['sobrang', 'daming', 'nagdidislike', 'daig', 'yata', 'political', 'binay', 'hahahaha']"
592fcced0b09e72334d131c4,"{'binay': 14, 'duterte': 1, 'poe': -1, 'roxas': -1, 'santiago': -1}","['coloma', 'duterte', 'don', 'humiliate', 'follow', 'due', 'process', 'duh', 'told', 'pnoy', 'humiliated', 'corona', 'gma', 'bbm', 'binay']"
592fcced0b09e72334d131e9,"{'binay': 1, 'duterte': -1, 'poe': -1, 'roxas': -1, 'santiago': -1}","['akala', 'binay', '?']"
592fcced0b09e72334d13208,"{'binay': 4, 'duterte': -1, 'poe': -1, 'roxas': -1, 'santiago': -1}","['magwayen', 'playfest', 'okay', 'inlove', 'binay']"
592fcced0b09e72334d1326e,"{'binay': 9, 'duterte': 4, 'poe': -1, 'roxas': -1, 'santiago': -1}","['antagonistic', 'media', 'inyo', 'mayor', 'duterte', 'paano', 'kaya', 'vice', 'president', 'binay']"
592fcced0b09e72334d132a5,"{'binay': 1, 'duterte': -1, 'poe': -1, 'roxas': -1, 'santiago': -1}","['@592fcc950b09e72334d113f5', 'binay', 'plsss???']"
592fcced0b09e72334d132a9,"{'binay': 1, 'duterte': -1, 'poe': -1, 'roxas': 1, 'santiago': -1}","['match', 'jejomar', 'binay', 'foreign', 'policy', 'ofw', 'concerns', 'via', '@592fcc950b09e72334d11185']"
592fcced0b09e72334d132ec,"{'binay': 6, 'duterte': -1, 'poe': -1, 'roxas': -1, 'santiago': -1}","['lucky', 'day', 'hahaha', '?kathniel', 'agnes', 'arenas', 'binay']"
592fcced0b09e72334d132fe,"{'binay': 0, 'duterte': -1, 'poe': -1, 'roxas': -1, 'santiago': -1}","['binay', 'ahh', 'damn', 'smh']"
592fcced0b09e72334d13440,"{'binay': 14, 'duterte': 1, 'poe': -1, 'roxas': -1, 'santiago': -1}","['coloma', 'duterte', 'don', 'humiliate', 'follow', 'due', 'process', 'duh', 'told', 'pnoy', 'humiliated', 'corona', 'gma', 'bbm', 'binay']"
592fcced0b09e72334d1347c,"{'binay': 5, 'duterte': -1, 'poe': -1, 'roxas': -1, 'santiago': -1}","['@592fcc950b09e72334d1115c', '@592fcc950b09e72334d1115b', 'admittedly', 'great', 'soundbite', 'binay']"
592fcced0b09e72334d134b3,"{'binay': 6, 'duterte': -1, 'poe': -1, 'roxas': -1, 'santiago': -1}","['diyan', 'jusko', '?', 'yokai', 'alien', 'kahawig', 'binay', 'diba', '?', 'joke', '?']"
592fcced0b09e72334d134f0,"{'binay': 14, 'duterte': -1, 'poe': -1, 'roxas': -1, 'santiago': -1}","['@592fcc950b09e72334d1145b', 'masarap', 'kaba', 'bes', 'masasarap', 'kase', 'nilalapa', 'lion', 'hahahahaaha', 'lol', 'bebe', 'girl', 'mwaaaa', '?', 'binay', '?', 'hahahahaha']"
592fcced0b09e72334d134f9,"{'binay': 14, 'duterte': 1, 'poe': -1, 'roxas': -1, 'santiago': -1}","['coloma', 'duterte', 'don', 'humiliate', 'follow', 'due', 'process', 'duh', 'told', 'pnoy', 'humiliated', 'corona', 'gma', 'bbm', 'binay']"
592fcced0b09e72334d1350f,"{'binay': 5, 'duterte': -1, 'poe': -1, 'roxas': 5, 'santiago': -1}","['@592fcc950b09e72334d11460', 'joke', 'haha', 'kakatawan', 'hahaha', 'jejomar', 'binay', 'haha']"
592fcced0b09e72334d1351d,"{'binay': 2, 'duterte': -1, 'poe': -1, 'roxas': -1, 'santiago': -1}","['kamuka', 'jojo', 'binay', 'hahahahahahahahahahahahahahahahahahahahah', '???']"
592fcced0b09e72334d13538,"{'binay': 9, 'duterte': -1, 'poe': -1, 'roxas': -1, 'santiago': -1}","['pinaka', 'palung', 'palo', 'pick', 'line', 'isang', 'guy', 'saken', 'him', 'binay', 'baket', 'him', 'kase', 'tinitibok']"
592fcced0b09e72334d13554,"{'binay': 1, 'duterte': -1, 'poe': -1, 'roxas': -1, 'santiago': -1}","['halatang', 'binay', 'awh', 'hahaha']"
592fcced0b09e72334d135bf,"{'binay': 14, 'duterte': 1, 'poe': -1, 'roxas': -1, 'santiago': -1}","['coloma', 'duterte', 'don', 'humiliate', 'follow', 'due', 'process', 'duh', 'told', 'pnoy', 'humiliated', 'corona', 'gma', 'bbm', 'binay']"
592fcced0b09e72334d136b6,"{'binay': 3, 'duterte': -1, 'poe': -1, 'roxas': -1, 'santiago': -1}","['forgotten', 'exposés', 'gma', 'binay', 'tirades', 'bbm', 'bec', 'now', '@592fcc950b09e72334d1118d']"
592fcced0b09e72334d13721,"{'binay': 8, 'duterte': -1, 'poe': -1, 'roxas': 8, 'santiago': -1}","['kamukha', 'ehh', 'hairflip', 'sabay', 'kindat', 'bieber', 'tlaga', 'hindi', 'jejomar', 'binay', '@592fcc950b09e72334d1148b']"
592fcced0b09e72334d1372f,"{'binay': 2, 'duterte': -1, 'poe': -1, 'roxas': -1, 'santiago': -1}","['heard', 'aquino', 'binay', 'administration', 'estrada', 'arroyo', 'aquino', 'laurel', 'alan', 'cayetano']"
592fcced0b09e72334d13750,"{'binay': 1, 'duterte': -1, 'poe': -1, 'roxas': -1, 'santiago': -1}","['akala', 'binay']"
592fcced0b09e72334d13814,"{'binay': 4, 'duterte': 9, 'poe': 3, 'roxas': 10, 'santiago': 6}","['friend', 'nag', 'concede', 'poe', 'binay', 'talo', 'miriam', 'ako', 'panalo', 'duterte', 'mar', 'parang', 'ako', 'umaasa', 'din']"
592fcced0b09e72334d13849,"{'binay': 4, 'duterte': -1, 'poe': -1, 'roxas': -1, 'santiago': -1}","['sino', 'nagawa', 'sinong', 'magagawa', 'binay', 'binay', 'binay', 'nakakamiss', 'naman', '???']"
592fcced0b09e72334d1384f,"{'binay': 0, 'duterte': -1, 'poe': -1, 'roxas': -1, 'santiago': -1}","['binay', 'party']"
592fcced0b09e72334d13879,"{'binay': 0, 'duterte': -1, 'poe': -1, 'roxas': -1, 'santiago': -1}","['binay', 'party']"
592fcced0b09e72334d1387d,"{'binay': 1, 'duterte': -1, 'poe': -1, 'roxas': -1, 'santiago': -1}","['@592fcc950b09e72334d114ab', 'binay', 'hahahaha']"
592fcced0b09e72334d138ee,"{'binay': 4, 'duterte': -1, 'poe': -1, 'roxas': -1, 'santiago': -1}","['@592fcc950b09e72334d114b6', 'shuta', 'hahahahahahaha', 'hard', 'binay']"
592fcced0b09e72334d138f0,"{'binay': 3, 'duterte': -1, 'poe': -1, 'roxas': -1, 'santiago': -1}","['tunay', 'pinay', 'kulay', 'binay']"
592fcced0b09e72334d13908,"{'binay': 0, 'duterte': -1, 'poe': -1, 'roxas': -1, 'santiago': -1}","['binay', 'ally', 'lead', 'house', 'minority', 'block']"
592fcced0b09e72334d13971,"{'binay': 3, 'duterte': -1, 'poe': -1, 'roxas': -1, 'santiago': -1}","['@592fcc950b09e72334d114c3', 'wow', 'hirap', 'binay', 'spam', 'hahaha']"
592fcced0b09e72334d13994,"{'binay': 4, 'duterte': -1, 'poe': -1, 'roxas': -1, 'santiago': -1}","['onti', 'nalang', 'magiging', 'kakulay', 'binay', 'huhu', 'ayokong', 'biney', '\U000fe334']"
592fcced0b09e72334d139ff,"{'binay': 14, 'duterte': 1, 'poe': -1, 'roxas': -1, 'santiago': -1}","['coloma', 'duterte', 'don', 'humiliate', 'follow', 'due', 'process', 'duh', 'told', 'pnoy', 'humiliated', 'corona', 'gma', 'bbm', 'binay']"
592fcced0b09e72334d13a19,"{'binay': 4, 'duterte': -1, 'poe': -1, 'roxas': -1, 'santiago': -1}","['@592fcc950b09e72334d114cf', 'mahal', 'jeep', 'nanalo', 'binay', 'wala', 'tuloy', 'kmeng', 'panglakwatsa', '@592fcc950b09e72334d114d0']"
592fcced0b09e72334d13aa2,"{'binay': 7, 'duterte': -1, 'poe': 9, 'roxas': -1, 'santiago': 8}","['@592fcc950b09e72334d11185', 'heck', 'yeah', 'million', 'people', 'plus', 'voted', 'binay', 'miriam', 'poe', 'think', 'suck']"
592fcced0b09e72334d13aae,"{'binay': 1, 'duterte': -1, 'poe': -1, 'roxas': -1, 'santiago': -1}","['@592fcc950b09e72334d0f04e', 'binay', 'pinag', 'aaralan', 'paano', 'bababaan', 'nagastos', 'niya']"
592fcced0b09e72334d13b22,"{'binay': 0, 'duterte': -1, 'poe': -1, 'roxas': -1, 'santiago': -1}","['binay', 'nalang', 'gagamitin', 'haha', '???']"
592fcced0b09e72334d13b94,"{'binay': 8, 'duterte': 4, 'poe': -1, 'roxas': -1, 'santiago': -1}","['quezon', 'rep', 'suarez', 'meeting', 'duterte', 'going', 'deliver', 'appeal', 'binay', 'offer', 'una', 'minority', '@592fcc950b09e72334d113c2']"
592fcced0b09e72334d13ba0,"{'binay': 8, 'duterte': 5, 'poe': -1, 'roxas': -1, 'santiago': -1}","['quezon', 'rep', 'suarez', 'meeting', 'agenda', 'duterte', 'deliver', 'appeal', 'binay', 'offer', 'una', 'minority', 'via', '@592fcc950b09e72334d113c2']"
592fcced0b09e72334d13bdc,"{'binay': 1, 'duterte': -1, 'poe': -1, 'roxas': -1, 'santiago': -1}","['uli', 'binay', 'kamo']"
592fcced0b09e72334d13bf0,"{'binay': 9, 'duterte': -1, 'poe': -1, 'roxas': -1, 'santiago': -1}","['@592fcc950b09e72334d0edf3', '@592fcc950b09e72334d114fa', '@592fcc950b09e72334d11375', 'balita', 'bossing', 'pero', 'kelangan', 'evidence', 'baka', 'binay', 'puros', 'allegation']"
592fcced0b09e72334d13c6e,"{'binay': 4, 'duterte': -1, 'poe': -1, 'roxas': -1, 'santiago': -1}","['psy101', 'prof', 'looks', 'like', 'binay']"
592fcced0b09e72334d13cda,"{'binay': 10, 'duterte': -1, 'poe': -1, 'roxas': -1, 'santiago': -1}","['kanang', 'naa', 'nasod', 'imong', 'gipangayo', 'berday', 'gip', 'galaag', 'laag', 'lugar', 'binay', 'universe', 'sungog', 'like', 'dis']"
592fcced0b09e72334d13d06,"{'binay': 1, 'duterte': -1, 'poe': -1, 'roxas': -1, 'santiago': -1}","['nanalo', 'binay']"
592fcced0b09e72334d13d98,"{'binay': 14, 'duterte': 1, 'poe': -1, 'roxas': -1, 'santiago': -1}","['coloma', 'duterte', 'don', 'humiliate', 'follow', 'due', 'process', 'duh', 'told', 'pnoy', 'humiliated', 'corona', 'gma', 'bbm', 'binay']"
592fcced0b09e72334d13e37,"{'binay': 1, 'duterte': -1, 'poe': -1, 'roxas': -1, 'santiago': -1}","['@592fcc950b09e72334d1152c', 'binay', 'gahahaha', 'saba', 'twitter']"
592fcced0b09e72334d13f22,"{'binay': 8, 'duterte': 5, 'poe': -1, 'roxas': -1, 'santiago': -1}","['quezon', 'rep', 'suarez', 'meeting', 'agenda', 'duterte', 'deliver', 'appeal', 'binay', 'offer', 'una', 'minority', 'via', '@592fcc950b09e72334d113c2']"
592fcced0b09e72334d13f4a,"{'binay': 2, 'duterte': -1, 'poe': -1, 'roxas': -1, 'santiago': -1}","['@592fcc950b09e72334d11546', 'hard', 'binay', 'porket', 'maputi']"
592fcced0b09e72334d13f59,"{'binay': 4, 'duterte': -1, 'poe': -1, 'roxas': -1, 'santiago': -1}","['victory', 'party', 'bukas', 'yehey', 'binay', 'ylona', 'starmusic']"
592fcced0b09e72334d13f67,"{'binay': 5, 'duterte': -1, 'poe': -1, 'roxas': -1, 'santiago': -1}","['@592fcc950b09e72334d11546', 'icon', 'ohh', 'kawawa', 'talaga', 'binay']"
592fcced0b09e72334d13fcc,"{'binay': 1, 'duterte': -1, 'poe': -1, 'roxas': 1, 'santiago': -1}","['jejemon', 'jejomar', 'binay', '?']"
592fcced0b09e72334d13fd2,"{'binay': 0, 'duterte': -1, 'poe': -1, 'roxas': -1, 'santiago': -1}","['binay', 'ally', 'napipintong', 'posibleng', 'house', 'minority', 'leader', 'napipintong', 'quezon', 'province', 'representative']"
592fcced0b09e72334d1400e,"{'binay': 3, 'duterte': -1, 'poe': -1, 'roxas': -1, 'santiago': -1}","['@592fcc950b09e72334d1155b', 'haha', 'noli', 'binay', 'given', 'baka', 'binigyan', 'pero', 'minimal', 'cabinet', 'post', 'kaya', 'sinasabi', 'tao', 'walang', 'nagawa', '?']"
592fcced0b09e72334d1404f,"{'binay': 7, 'duterte': -1, 'poe': -1, 'roxas': -1, 'santiago': -1}","['ako', 'bayan', 'nangialam', 'ipad', 'nag', 'update', 'sila', 'binay', '?', 'hahaha', 'litsi?']"
592fcced0b09e72334d14075,"{'binay': 1, 'duterte': 2, 'poe': 0, 'roxas': 3, 'santiago': -1}","['poe', 'binay', 'duterte', 'mar', 'ganyan', 'mar', 'haha']"
592fcced0b09e72334d14091,"{'binay': 0, 'duterte': 4, 'poe': 6, 'roxas': 8, 'santiago': 2}","['binay', 'kahirapan', 'miriam', 'economy', 'duterte', 'criminality', 'poe', 'agriculture', 'roxas', 'tsinelas', 'korina']"
592fcced0b09e72334d140c6,"{'binay': 3, 'duterte': -1, 'poe': -1, 'roxas': -1, 'santiago': -1}","['@592fcc950b09e72334d11578', 'bff', '??', 'binay', 'fam', 'buddies', '?', 'words', 'wisdom', 'mabby', 'nangaaway']"
592fcced0b09e72334d14181,"{'binay': 1, 'duterte': -1, 'poe': -1, 'roxas': -1, 'santiago': -1}","['yang', 'binay', 'yan']"
592fcced0b09e72334d14186,"{'binay': 1, 'duterte': -1, 'poe': -1, 'roxas': -1, 'santiago': -1}","['yang', 'binay', 'yan']"
592fcced0b09e72334d142e4,"{'binay': 6, 'duterte': -1, 'poe': -1, 'roxas': -1, 'santiago': -1}","['ngayon', 'alam', 'bakit', 'binoto', 'parents', 'years', 'binay', 'too', 'ohhhhh']"
592fcced0b09e72334d14340,"{'binay': 8, 'duterte': -1, 'poe': -1, 'roxas': -1, 'santiago': -1}","['parliamentary', 'out', 'pol', 'dynasty', 'law', 'replica', 'makati', 'power', 'binay', 'rest', 'feed', 'portion', 'pie', 'make', 'happy']"
592fcced0b09e72334d14431,"{'binay': 0, 'duterte': -1, 'poe': -1, 'roxas': -1, 'santiago': -1}","['binay', 'tuloy', 'ako', 'leki', 'leki', 'black', 'make', 'napa', 'engrish', 'wala', 'oras', '?']"
592fcced0b09e72334d1450d,"{'binay': 8, 'duterte': -1, 'poe': -1, 'roxas': -1, 'santiago': -1}","['lalagyan', 'naten', 'libreng', 'wifi', 'buong', 'makati', 'mayor', 'abby', 'binay']"
592fcced0b09e72334d1456a,"{'binay': 1, 'duterte': -1, 'poe': -1, 'roxas': -1, 'santiago': -1}","['nagkita', 'binay', 'kanina', 'hahahahahahahah', 'kaatay', 'ewwww?????']"
592fcced0b09e72334d14576,"{'binay': 2, 'duterte': 0, 'poe': -1, 'roxas': 5, 'santiago': -1}","['duterte', 'supports', 'binay', 'quest', 'truth', 'marcos', 'media', 'curious', 'via', '@592fcc950b09e72334d113e2']"
592fcced0b09e72334d1458f,"{'binay': 0, 'duterte': -1, 'poe': -1, 'roxas': -1, 'santiago': -1}","['binay', 'ampuuuuta', '???']"
592fcced0b09e72334d14592,"{'binay': 10, 'duterte': -1, 'poe': -1, 'roxas': -1, 'santiago': -1}","['@592fcc950b09e72334d115eb', 'hhahahah', 'nlang', 'muapil', 'naa', 'naman', 'koy', 'sugar', 'daddy', 'hahaha', 'binay', 'binay']"
592fcced0b09e72334d145a2,"{'binay': 3, 'duterte': -1, 'poe': -1, 'roxas': -1, 'santiago': -1}","['@592fcc950b09e72334d115eb', 'lgi', 'hahahah', 'binay']"
592fcced0b09e72334d145d4,"{'binay': 3, 'duterte': -1, 'poe': -1, 'roxas': -1, 'santiago': -1}","['@592fcc950b09e72334d0ed52', '@592fcc950b09e72334d11344', 'possible', 'binay', 'lahat', 'gumastos']"
592fcced0b09e72334d145f1,"{'binay': 2, 'duterte': -1, 'poe': -1, 'roxas': -1, 'santiago': -1}","['@592fcc950b09e72334d115ee', 'abby', 'binay', 'idol', '?????', 'lol', 'nadale', 'longhair']"
592fcced0b09e72334d14677,"{'binay': 0, 'duterte': -1, 'poe': -1, 'roxas': -1, 'santiago': -1}","['binay', 'camp', 'comelec', 'file', 'soce', '@592fcc950b09e72334d11185']"
592fcced0b09e72334d14698,"{'binay': 0, 'duterte': -1, 'poe': -1, 'roxas': -1, 'santiago': -1}","['binay', 'camp', 'comelec', 'file', 'soce', '@592fcc950b09e72334d11185']"
592fcced0b09e72334d146bc,"{'binay': 1, 'duterte': -1, 'poe': -1, 'roxas': -1, 'santiago': -1}","['time', 'binay', 'let', 'see', 'pnoy', 'minions', 'handle', 'this']"
592fcced0b09e72334d1472d,"{'binay': 2, 'duterte': -1, 'poe': -1, 'roxas': 2, 'santiago': -1}","['vice', 'president', 'jejomar', 'binay', 'spent', 'p463', 'presidential', 'campaign']"
592fcced0b09e72334d1473d,"{'binay': 1, 'duterte': -1, 'poe': -1, 'roxas': -1, 'santiago': -1}","['look', 'binay', 'spent', 'p463', 'failed', 'presidency', 'bid', 'via', '@592fcc950b09e72334d115fd']"
592fcced0b09e72334d14740,"{'binay': 0, 'duterte': 2, 'poe': -1, 'roxas': -1, 'santiago': -1}","['binay', 'spent', 'duterte', 'incurred', 'p463', '375m', 'campaign', 'expenditures']"
592fcced0b09e72334d1474e,"{'binay': 1, 'duterte': -1, 'poe': -1, 'roxas': -1, 'santiago': -1}","['look', 'binay', 'spent', 'p463', 'failed', 'presidency', 'bid', '@592fcc950b09e72334d11124']"
592fcced0b09e72334d14751,"{'binay': 3, 'duterte': -1, 'poe': -1, 'roxas': -1, 'santiago': -1}","['sakit', 'naman', 'million', 'binay', '?']"
592fcced0b09e72334d14752,"{'binay': 3, 'duterte': 5, 'poe': -1, 'roxas': -1, 'santiago': -1}","['spent', 'time', 'fighting', 'binay', 'turns', 'duterte', 'really', 'bigger', 'enemy', 'tsk', 'well']"
592fcced0b09e72334d14753,"{'binay': 0, 'duterte': -1, 'poe': -1, 'roxas': -1, 'santiago': -1}","['binay', 'received', 'p463', 'contributions', 'spent', 'p463', 'presidential', 'bid', 'personal', 'fund', 'used', '@592fcc950b09e72334d114f3']"
592fcced0b09e72334d14754,"{'binay': 0, 'duterte': -1, 'poe': -1, 'roxas': -1, 'santiago': -1}","['binay', 'spent', 'p463', 'million', 'received', 'p463', 'million', 'presidential', 'campaign', '@592fcc950b09e72334d11185']"
592fcced0b09e72334d14758,"{'binay': 2, 'duterte': -1, 'poe': -1, 'roxas': -1, 'santiago': -1}","['sad', 'naman', 'binay', 'million', 'soce', 'pero', 'bigo', '?']"
592fcced0b09e72334d1476b,"{'binay': 10, 'duterte': -1, 'poe': -1, 'roxas': -1, 'santiago': -1}","['@592fcc950b09e72334d0ee4c', '@592fcc950b09e72334d1148d', '@592fcc950b09e72334d11134', '@592fcc950b09e72334d0ffc5', 'kalokohan', 'report', 'pcij', 'bilyon', 'ginastos', 'niyan', 'binay', 'ads']"
592fcced0b09e72334d14789,"{'binay': 3, 'duterte': -1, 'poe': -1, 'roxas': -1, 'santiago': -1}","['soce', 'inihain', 'outgoing', 'binay', 'via', '@592fcc950b09e72334d112f2']"
592fcced0b09e72334d147a8,"{'binay': 0, 'duterte': -1, 'poe': -1, 'roxas': -1, 'santiago': -1}","['binay', 'p463', '453', '000', 'contributions', 'spent', 'p463', '375', '216', 'campaign', '@592fcc950b09e72334d11604']"
592fcced0b09e72334d147ea,"{'binay': 2, 'duterte': -1, 'poe': -1, 'roxas': -1, 'santiago': -1}","['@592fcc950b09e72334d11606', '@592fcc950b09e72334d11607', 'binay', 'thanks', '?']"
592fcced0b09e72334d14866,"{'binay': 4, 'duterte': -1, 'poe': -1, 'roxas': -1, 'santiago': -1}","['@592fcc950b09e72334d1160f', 'siyempre', 'poreber', 'baga', 'binay', 'hahahahaha']"
592fcced0b09e72334d148ad,"{'binay': 6, 'duterte': -1, 'poe': -1, 'roxas': -1, 'santiago': -1}","['baka', 'makita', 'sir', 'kaya', 'naisulat', 'nanay', 'binay', '???', 'hays', 'maisagot', 'lng', 'talaga', 'hahaha']"
592fcced0b09e72334d148d3,"{'binay': 3, 'duterte': -1, 'poe': -1, 'roxas': -1, 'santiago': -1}","['@592fcc950b09e72334d11617', 'victory', 'concert', 'binay', 'hahaha']"
592fcced0b09e72334d14900,"{'binay': 1, 'duterte': -1, 'poe': -1, 'roxas': -1, 'santiago': -1}","['time', 'binay', 'let', 'see', 'pnoy', 'minions', 'handle', 'this']"
592fcced0b09e72334d14923,"{'binay': 1, 'duterte': -1, 'poe': -1, 'roxas': -1, 'santiago': -1}","['time', 'binay', 'let', 'see', 'pnoy', 'minions', 'handle', 'this']"
592fcced0b09e72334d1497d,"{'binay': 5, 'duterte': -1, 'poe': -1, 'roxas': -1, 'santiago': -1}","['friend', 'years', 'everywhere', 'buddy', 'niki', 'binay', 'man', 'big', 'dreams']"
592fcced0b09e72334d1499a,"{'binay': 0, 'duterte': -1, 'poe': 2, 'roxas': 1, 'santiago': -1}","['binay', 'roxas', 'poe', 'hinabol', 'kanilang', 'soce', 'comelec']"
592fcced0b09e72334d149d5,"{'binay': 6, 'duterte': 9, 'poe': 0, 'roxas': 1, 'santiago': 12}","['poe', 'roxas', 'met', 'cutoff', 'figures', 'far', 'binay', 'p463', '38m', 'duterte', 'p371', '46m', 'santiago', 'p74', '65m', '@592fcc950b09e72334d1136c']"
592fcced0b09e72334d149d9,"{'binay': 6, 'duterte': 9, 'poe': 3, 'roxas': 15, 'santiago': 12}","['final', 'ranking', 'night', 'poe', 'p510', '85m', 'binay', 'p463', '38m', 'duterte', 'p371', '46m', 'santiago', 'p74', '65m', 'roxas', 'considered', 'filed', 'via', '@592fcc950b09e72334d1136c']"
592fcced0b09e72334d149f7,"{'binay': 0, 'duterte': -1, 'poe': -1, 'roxas': -1, 'santiago': -1}","['binay', 'binay', 'binay', '@592fcc950b09e72334d1162c', 'stay', 'strong', 'mos', 'cousin', 'hahaha']"
592fcced0b09e72334d14a0e,"{'binay': 0, 'duterte': -1, 'poe': -1, 'roxas': -1, 'santiago': -1}","['binay', 'spent', 'p463m', 'presidential', 'campaign', 'soce']"
592fcced0b09e72334d14a11,"{'binay': 0, 'duterte': -1, 'poe': -1, 'roxas': -1, 'santiago': -1}","['binay', 'spent', 'p463m', 'presidential', 'campaign', 'soce']"
592fcced0b09e72334d14a14,"{'binay': 0, 'duterte': -1, 'poe': -1, 'roxas': -1, 'santiago': -1}","['binay', 'spent', 'p463m', 'presidential', 'campaign', 'soce']"
592fcced0b09e72334d14a53,"{'binay': 2, 'duterte': -1, 'poe': -1, 'roxas': 2, 'santiago': -1}","['vice', 'president', 'jejomar', 'binay', 'spent', 'p463', 'presidential', 'campaign']"
592fcced0b09e72334d14a91,"{'binay': 6, 'duterte': 9, 'poe': 3, 'roxas': 15, 'santiago': 12}","['final', 'ranking', 'night', 'poe', 'p510', '85m', 'binay', 'p463', '38m', 'duterte', 'p371', '46m', 'santiago', 'p74', '65m', 'roxas', 'considered', 'filed', 'via', '@592fcc950b09e72334d1136c']"
592fcced0b09e72334d14aa4,"{'binay': 7, 'duterte': 9, 'poe': 5, 'roxas': -1, 'santiago': 11}","['bombo', 'radyo', 'philippines', 'campaign', 'spending', 'poe', 'p510', 'binay', 'p463', 'duterte', 'p371', 'miriam', 'p74']"
592fcced0b09e72334d14ac8,"{'binay': 5, 'duterte': 0, 'poe': -1, 'roxas': -1, 'santiago': -1}","['duterte', 'spent', 'p371m', 'successful', 'campaign', 'binay', 'poured', 'p463m']"
592fcced0b09e72334d14acc,"{'binay': 4, 'duterte': 6, 'poe': 2, 'roxas': -1, 'santiago': 8}","['campaign', 'spending', 'poe', 'p510', 'binay', 'p463', 'duterte', 'p371', 'miriam', 'p74', 'nagbigay', 'nang', 'isang', 'oras', 'extension']"
592fcced0b09e72334d14adb,"{'binay': 1, 'duterte': -1, 'poe': -1, 'roxas': -1, 'santiago': -1}","['time', 'binay', 'let', 'see', 'pnoy', 'minions', 'handle', 'this']"
592fcced0b09e72334d14afa,"{'binay': 2, 'duterte': 0, 'poe': -1, 'roxas': 5, 'santiago': -1}","['duterte', 'supports', 'binay', 'quest', 'truth', 'marcos', 'media', 'curious', 'via', '@592fcc950b09e72334d113e2']"
592fcced0b09e72334d14b4e,"{'binay': 6, 'duterte': 0, 'poe': -1, 'roxas': -1, 'santiago': -1}","['duterte', '@592fcc950b09e72334d11134', 'spent', 'p371m', 'successful', 'campaign', 'binay', 'poured', 'p463m', '@592fcc950b09e72334d11174']"
592fcced0b09e72334d14b53,"{'binay': 6, 'duterte': 0, 'poe': -1, 'roxas': -1, 'santiago': -1}","['duterte', '@592fcc950b09e72334d11134', 'spent', 'p371m', 'successful', 'campaign', 'binay', 'poured', 'p463m', '@592fcc950b09e72334d11174']"
592fcced0b09e72334d14b5e,"{'binay': 5, 'duterte': 0, 'poe': -1, 'roxas': -1, 'santiago': -1}","['duterte', 'spent', 'p371m', 'successful', 'campaign', 'binay', 'poured', 'p463m', 'manila', 'president', 'elec', 'via', 'inquirer']"
592fcced0b09e72334d14b8d,"{'binay': 2, 'duterte': -1, 'poe': -1, 'roxas': -1, 'santiago': -1}","['@592fcc950b09e72334d11653', 'sup', 'binay', 'hahaha']"
592fcced0b09e72334d14b93,"{'binay': 2, 'duterte': -1, 'poe': -1, 'roxas': -1, 'santiago': -1}","['victory', 'party', 'binay', 'circuit', 'hahaha']"
592fcced0b09e72334d14bd0,"{'binay': 3, 'duterte': -1, 'poe': -1, 'roxas': -1, 'santiago': -1}","['@592fcc950b09e72334d11363ataykyeth', 'lalaki', 'dafak', 'binay', 'hahaha']"
592fcced0b09e72334d14c1a,"{'binay': 6, 'duterte': -1, 'poe': -1, 'roxas': -1, 'santiago': -1}","['@592fcc950b09e72334d1166c', 'makati', 'philippiness', '??', 'taga', 'dun', 'binay', 'diba']"
592fcced0b09e72334d14c22,"{'binay': 2, 'duterte': -1, 'poe': -1, 'roxas': -1, 'santiago': -1}","['@592fcc950b09e72334d1166e', 'makati', 'binay', 'hahahaha']"
592fcced0b09e72334d14c45,"{'binay': 4, 'duterte': 9, 'poe': 3, 'roxas': 10, 'santiago': 6}","['friend', 'nag', 'concede', 'poe', 'binay', 'talo', 'miriam', 'ako', 'panalo', 'duterte', 'mar', 'parang', 'ako', 'umaasa', 'din']"
592fcced0b09e72334d14c46,"{'binay': 4, 'duterte': -1, 'poe': -1, 'roxas': -1, 'santiago': -1}","['@592fcc950b09e72334d11678', 'grabe', 'talaga', 'anak', 'binay', 'kakaiba']"
592fcced0b09e72334d14c4b,"{'binay': 1, 'duterte': -1, 'poe': -1, 'roxas': -1, 'santiago': -1}","['@592fcc950b09e72334d11679', 'binay', 'hahahahhaahahaha']"
592fcced0b09e72334d14c4f,"{'binay': 4, 'duterte': -1, 'poe': -1, 'roxas': -1, 'santiago': -1}","['@592fcc950b09e72334d11678', 'pero', 'atik', 'tulog', 'binay']"
592fcced0b09e72334d14c8a,"{'binay': 5, 'duterte': -1, 'poe': -1, 'roxas': -1, 'santiago': -1}","['@592fcc950b09e72334d11684', '@592fcc950b09e72334d11685', 'nagpa', 'rave', 'party', 'binay']"
592fcced0b09e72334d14cb4,"{'binay': 8, 'duterte': -1, 'poe': -1, 'roxas': -1, 'santiago': -1}","['bisita', 'mode', 'kanina', 'miss', 'cbem', '???', 'snapchat', 'job', 'binay']"
592fcced0b09e72334d14cdf,"{'binay': 2, 'duterte': -1, 'poe': -1, 'roxas': -1, 'santiago': -1}","['@592fcc950b09e72334d11694', 'pero', 'binay', 'ako', 'binay', 'kaya', 'naman', 'yoda', '??']"
592fcced0b09e72334d14ce3,"{'binay': 5, 'duterte': 0, 'poe': -1, 'roxas': -1, 'santiago': -1}","['duterte', 'spent', 'p371m', 'successful', 'campaign', 'binay', 'poured', 'p463m', 'inquirer', 'mobile', 'app']"
592fcced0b09e72334d14d30,"{'binay': 3, 'duterte': -1, 'poe': -1, 'roxas': -1, 'santiago': -1}","['dapat', 'sumama', 'nanay', 'binay', '?']"
592fcced0b09e72334d14d38,"{'binay': 1, 'duterte': -1, 'poe': -1, 'roxas': -1, 'santiago': -1}","['jeonjeon', 'binay']"
592fcced0b09e72334d14d51,"{'binay': 1, 'duterte': -1, 'poe': -1, 'roxas': -1, 'santiago': -1}","['kanye', 'binay']"
592fcced0b09e72334d14dc2,"{'binay': 5, 'duterte': -1, 'poe': -1, 'roxas': -1, 'santiago': -1}","['@592fcc950b09e72334d116ae', 'naman', 'alam', 'isa', 'kanang', 'binay', '?']"
592fcced0b09e72334d14dc9,"{'binay': 2, 'duterte': -1, 'poe': -1, 'roxas': -1, 'santiago': -1}","['one', 'god', 'binay', 'jokes']"
592fcced0b09e72334d14ddc,"{'binay': 9, 'duterte': -1, 'poe': -1, 'roxas': -1, 'santiago': -1}","['wag', 'kang', 'epal', '???', 'hahaha', 'sugurin', 'kta', 'sumbong', 'kita', 'binay']"
592fcced0b09e72334d14e43,"{'binay': 2, 'duterte': 6, 'poe': -1, 'roxas': -1, 'santiago': -1}","['bang', 'buck', 'binay', 'votes', 'arex', 'expensive', 'duterte', 'ballots']"
592fcced0b09e72334d14fe9,"{'binay': 3, 'duterte': -1, 'poe': -1, 'roxas': -1, 'santiago': -1}","['lampake', 'coz', 'lolo', 'binay', 'izz', 'hahahahaa']"
592fcced0b09e72334d14ff9,"{'binay': 8, 'duterte': -1, 'poe': -1, 'roxas': -1, 'santiago': -1}","['boyet', 'chief', 'staff', 'robredo', 'coconut', 'palace', 'transition', 'mtg', 'binay', 'team', '@592fcc950b09e72334d11185']"
592fcced0b09e72334d15001,"{'binay': 4, 'duterte': -1, 'poe': -1, 'roxas': 8, 'santiago': -1}","['robredo', 'chief', 'staff', 'boyet', 'binay', 'chief', 'staff', 'benjie', 'martinez', 'lead', 'transition', 'mtg', '@592fcc950b09e72334d11185']"
592fcced0b09e72334d1501a,"{'binay': 0, 'duterte': -1, 'poe': -1, 'roxas': 3, 'santiago': -1}","['binay', 'cos', 'benjie', 'marinez', 'says', 'they', 'planning', 'binay', 'elec', 'robredo', 'meet', 'june30', '@592fcc950b09e72334d11185']"
592fcced0b09e72334d1501b,"{'binay': 2, 'duterte': -1, 'poe': -1, 'roxas': -1, 'santiago': -1}","['ceremonial', 'transition', 'binay', 'robredo', 'teams', 'meeting', 'follow', '@592fcc950b09e72334d11185']"
592fcced0b09e72334d1501d,"{'binay': 2, 'duterte': -1, 'poe': -1, 'roxas': -1, 'santiago': -1}","['ceremonial', 'transition', 'binay', 'robredo', 'teams', 'meeting', 'follow', 'via', '@592fcc950b09e72334d0f75a']"
592fcced0b09e72334d1501e,"{'binay': 4, 'duterte': -1, 'poe': -1, 'roxas': -1, 'santiago': -1}","['now', 'transition', 'meeting', 'robredo', 'binay', 'teams', '@592fcc950b09e72334d11185']"
592fcced0b09e72334d15023,"{'binay': 7, 'duterte': -1, 'poe': -1, 'roxas': 10, 'santiago': -1}","['boyet', 'head', 'leni', 'robredo', 'transition', 'team', 'meets', 'binay', 'cos', 'benjie', 'martinez', '@592fcc950b09e72334d116d8']"
592fcced0b09e72334d15024,"{'binay': 5, 'duterte': -1, 'poe': -1, 'roxas': -1, 'santiago': -1}","['meeting', 'formal', 'turnover', 'ovp', 'affairs', 'binay', 'robredo', 'camp', '@592fcc950b09e72334d116d8']"
592fcced0b09e72334d1502f,"{'binay': 2, 'duterte': 7, 'poe': -1, 'roxas': 6, 'santiago': -1}","['light', 'moment', 'binay', 'cos', 'benjie', 'mendoza', 'mara', 'duterte', 'part', 'robredo', 'transition', 'team', 'bakit', 'iba', 'pangalan', '@592fcc950b09e72334d11185']"
592fcced0b09e72334d15032,"{'binay': 2, 'duterte': 6, 'poe': -1, 'roxas': 5, 'santiago': -1}","['light', 'moment', 'binay', 'cos', 'mendoza', 'mara', 'duterte', 'robredo', 'transition', 'team', 'bakit', 'iba', 'pangalan', '@592fcc950b09e72334d11185']"
592fcced0b09e72334d15033,"{'binay': 7, 'duterte': 1, 'poe': 5, 'roxas': 11, 'santiago': 9}","['comelec', 'duterte', 'spent', 'p371', 'campaign', 'poe', 'p511', 'binay', 'p463', 'santiago', 'p75', 'roxas', 'submit']"
592fcced0b09e72334d15036,"{'binay': 2, 'duterte': -1, 'poe': -1, 'roxas': 2, 'santiago': -1}","['pangalan', 'anak', 'jejomar', 'binay', 'junejune']"
592fcced0b09e72334d15039,"{'binay': 2, 'duterte': -1, 'poe': -1, 'roxas': -1, 'santiago': -1}","['@592fcc950b09e72334d116da', 'change', 'binay']"
592fcced0b09e72334d1503d,"{'binay': 0, 'duterte': -1, 'poe': -1, 'roxas': -1, 'santiago': -1}","['binay', 'team', 'turns', 'transition', 'report', 'elect', 'robredo', 'team', 'meeting', 'ongoing', '@592fcc950b09e72334d11191', '@592fcc950b09e72334d0ed2c']"
592fcced0b09e72334d1504b,"{'binay': 2, 'duterte': -1, 'poe': -1, 'roxas': -1, 'santiago': -1}","['ceremonial', 'transition', 'binay', 'robredo', 'teams', 'meeting', 'follow', 'via', '@592fcc950b09e72334d0f75a']"
592fcced0b09e72334d15051,"{'binay': 0, 'duterte': -1, 'poe': -1, 'roxas': -1, 'santiago': -1}","['binay', 'team', 'turns', 'transition', 'report', 'elect', 'robredo', 'team', 'meeting', 'ongoing', '@592fcc950b09e72334d11191', '@592fcc950b09e72334d0ed2c']"
592fcced0b09e72334d15054,"{'binay': 0, 'duterte': -1, 'poe': -1, 'roxas': -1, 'santiago': -1}","['binay', 'team', 'turns', 'transition', 'report', 'elect', 'robredo', 'team', 'meeting', 'ongoing', 'via', '@592fcc950b09e72334d10310']"
592fcced0b09e72334d15058,"{'binay': 0, 'duterte': -1, 'poe': -1, 'roxas': -1, 'santiago': -1}","['binay', 'team', 'turns', 'transition', 'report', 'elect', 'robredo', 'team', 'meeting', 'ongoing', 'via', '@592fcc950b09e72334d10310']"
592fcced0b09e72334d15059,"{'binay': 2, 'duterte': -1, 'poe': -1, 'roxas': -1, 'santiago': -1}","['transition', 'teams', 'binay', 'elect', 'robredo', 'meeting', 'coconut', 'palace', '@592fcc950b09e72334d111c4']"
592fcced0b09e72334d15065,"{'binay': 2, 'duterte': -1, 'poe': -1, 'roxas': -1, 'santiago': -1}","['transition', 'teams', 'binay', 'elect', 'robredo', 'meeting', 'coconut', 'palace', '@592fcc950b09e72334d0fc68']"
592fcced0b09e72334d15067,"{'binay': 5, 'duterte': -1, 'poe': -1, 'roxas': -1, 'santiago': -1}","['meeting', 'formal', 'turnover', 'ovp', 'affairs', 'binay', 'robredo', 'camp', '@592fcc950b09e72334d116d8']"
592fcced0b09e72334d15068,"{'binay': 7, 'duterte': -1, 'poe': -1, 'roxas': 10, 'santiago': -1}","['boyet', 'head', 'leni', 'robredo', 'transition', 'team', 'meets', 'binay', 'cos', 'benjie', 'martinez', '@592fcc950b09e72334d116d8']"
592fcced0b09e72334d1506e,"{'binay': 4, 'duterte': -1, 'poe': -1, 'roxas': 3, 'santiago': -1}","['naminaw', 'kadiyot', 'words', 'mar', 'binay', 'nagdugo', 'dayon', 'puro', 'ilad', 'storya', 'zzz']"
592fcced0b09e72334d1506f,"{'binay': 2, 'duterte': -1, 'poe': -1, 'roxas': -1, 'santiago': -1}","['kahawig', 'lebron', 'binay', 'minsan', '?']"
592fcced0b09e72334d15075,"{'binay': 2, 'duterte': -1, 'poe': -1, 'roxas': -1, 'santiago': -1}","['@592fcc950b09e72334d116db', 'syempre', 'binay', 'gaganda', 'buhay']"
592fcced0b09e72334d150a0,"{'binay': 8, 'duterte': -1, 'poe': -1, 'roxas': -1, 'santiago': -1}","['boyet', 'chief', 'staff', 'robredo', 'coconut', 'palace', 'transition', 'mtg', 'binay', 'team', '@592fcc950b09e72334d11185']"
592fcced0b09e72334d150a2,"{'binay': 7, 'duterte': -1, 'poe': -1, 'roxas': -1, 'santiago': -1}","['pensive', 'curry', 'bench', 'perphaps', 'thinking', 'happened', 'parang', 'binay', 'lang', 'cguro', 'matanto', 'anyare']"
592fcced0b09e72334d150a7,"{'binay': 1, 'duterte': -1, 'poe': -1, 'roxas': -1, 'santiago': -1}","['@592fcc950b09e72334d116e0', 'binay', 'binay', 'binay', 'hahaha', '?', 'ionnebinay', 'haha', '?']"
592fcced0b09e72334d150ab,"{'binay': 4, 'duterte': -1, 'poe': -1, 'roxas': -1, 'santiago': -1}","['owned', 'government', 'office', 'outgoing', 'binay', 'rent', 'for', '000', 'pesos', 'month', '?']"
592fcced0b09e72334d150b3,"{'binay': 2, 'duterte': -1, 'poe': -1, 'roxas': -1, 'santiago': -1}","['transition', 'teams', 'binay', 'elect', 'robredo', 'meeting', 'coconut', 'palace', '@592fcc950b09e72334d0fc68']"
592fcced0b09e72334d150d0,"{'binay': 0, 'duterte': -1, 'poe': -1, 'roxas': -1, 'santiago': -1}","['binay', 'team', 'turns', 'transition', 'report', 'elect', 'robredo', 'team', 'meeting', 'ongoing', 'via', '@592fcc950b09e72334d10310']"
592fcced0b09e72334d150d2,"{'binay': 2, 'duterte': -1, 'poe': -1, 'roxas': -1, 'santiago': -1}","['ceremonial', 'transition', 'binay', 'robredo', 'teams', 'meeting', 'follow', '@592fcc950b09e72334d11185']"
592fcced0b09e72334d15157,"{'binay': 0, 'duterte': -1, 'poe': -1, 'roxas': -1, 'santiago': -1}",['binay']
592fcced0b09e72334d15178,"{'binay': 4, 'duterte': -1, 'poe': -1, 'roxas': -1, 'santiago': -1}","['tas', 'pangalan', 'nung', 'candy', 'binay', 'hahahaha', 'yes']"
592fcced0b09e72334d1517a,"{'binay': 0, 'duterte': -1, 'poe': -1, 'roxas': 3, 'santiago': -1}","['binay', 'chief', 'staff', 'martinez', 'tours', 'robredo', 'transition', 'team', 'inside', 'office', 'pnb', 'bldg', 'pasay', '@592fcc950b09e72334d11185']"
592fcced0b09e72334d1518a,"{'binay': 3, 'duterte': -1, 'poe': -1, 'roxas': -1, 'santiago': -1}","['kongresistang', 'kaalyado', 'outgoing', 'binay', 'bumubuo', 'minority', 'group', 'kongreso', '@592fcc950b09e72334d114cd']"
592fcced0b09e72334d15197,"{'binay': 2, 'duterte': -1, 'poe': -1, 'roxas': -1, 'santiago': -1}","['hide', 'seek', 'binay', 'kaw', '??']"
592fcced0b09e72334d151c8,"{'binay': 8, 'duterte': -1, 'poe': -1, 'roxas': -1, 'santiago': -1}","['boyet', 'chief', 'staff', 'robredo', 'coconut', 'palace', 'transition', 'mtg', 'binay', 'team', 'via', '@592fcc950b09e72334d0f75a']"
592fcced0b09e72334d151d3,"{'binay': 2, 'duterte': 6, 'poe': -1, 'roxas': -1, 'santiago': -1}","['bang', 'buck', 'binay', 'votes', 'arex', 'expensive', 'duterte', 'ballots']"
592fcced0b09e72334d151d9,"{'binay': 11, 'duterte': -1, 'poe': -1, 'roxas': -1, 'santiago': -1}","['sen', 'sotto', 'rules', 'sen', 'honasan', 'defense', 'sen', 'lacson', 'public', 'order', 'sen', 'binay', 'tourism']"
592fcced0b09e72334d151e8,"{'binay': 3, 'duterte': -1, 'poe': -1, 'roxas': -1, 'santiago': -1}","['kongresistang', 'kaalyado', 'outgoing', 'binay', 'bumubuo', 'minority', 'group', 'kongreso', 'nag', 'uusap', 'usap', 'mga']"
592fcced0b09e72334d15216,"{'binay': 4, 'duterte': -1, 'poe': -1, 'roxas': -1, 'santiago': -1}","['@592fcc950b09e72334d116fb', 'tall', 'pretty', 'asf', 'binay', 'hahaha', 'peymus', 'kwentos', 'miss', '??']"
592fcced0b09e72334d1521d,"{'binay': 3, 'duterte': -1, 'poe': -1, 'roxas': -1, 'santiago': -1}","['hahahhahaa', 'gag', 'sinuot', 'binay', '??']"
592fcced0b09e72334d15229,"{'binay': 0, 'duterte': -1, 'poe': -1, 'roxas': -1, 'santiago': -1}","['binay', 'team', 'turns', 'transition', 'report', 'elect', 'robredo', 'team', 'via', '@592fcc950b09e72334d10310']"
592fcced0b09e72334d1529c,"{'binay': 4, 'duterte': -1, 'poe': -1, 'roxas': -1, 'santiago': -1}","['transition', 'team', 'nina', 'robredo', 'binay', 'nagpulong', 'pagsasalin', 'pwesto', 'rh06', '@592fcc950b09e72334d11703']"
592fcced0b09e72334d152a8,"{'binay': 8, 'duterte': -1, 'poe': -1, 'roxas': -1, 'santiago': -1}","['boyet', 'chief', 'staff', 'robredo', 'coconut', 'palace', 'transition', 'mtg', 'binay', 'team', 'via', '@592fcc950b09e72334d0f75a']"
592fcced0b09e72334d152a9,"{'binay': 5, 'duterte': -1, 'poe': -1, 'roxas': -1, 'santiago': -1}","['happening', 'now', 'transition', 'meeting', 'robredo', 'binay', 'teams', 'via', '@592fcc950b09e72334d0f75a']"
592fcced0b09e72334d152aa,"{'binay': 2, 'duterte': 6, 'poe': -1, 'roxas': 5, 'santiago': -1}","['light', 'moment', 'binay', 'cos', 'mendoza', 'mara', 'duterte', 'robredo', 'transition', 'bakit', 'iba', 'pangalan', '@592fcc950b09e72334d0f75a']"
592fcced0b09e72334d152ae,"{'binay': 0, 'duterte': -1, 'poe': -1, 'roxas': -1, 'santiago': -1}","['binay', 'team', 'turns', 'transition', 'report', 'elect', 'robredo', 'team', 'meeting', 'ongoing', 'via', '@592fcc950b09e72334d10310']"
592fcced0b09e72334d15301,"{'binay': 1, 'duterte': -1, 'poe': -1, 'roxas': 9, 'santiago': -1}","['natalo', 'binay', 'naman', 'ibig', 'sabihin', 'retired', 'pulitika', 'usec', 'benjamin', 'martinez']"
592fcced0b09e72334d1532b,"{'binay': 1, 'duterte': -1, 'poe': -1, 'roxas': -1, 'santiago': -1}","['outgoing', 'binay', 'incoming', 'robredo', 'tiyak', 'nang', 'magpupulong', 'via', '@592fcc950b09e72334d115bb']"
592fcced0b09e72334d15335,"{'binay': 9, 'duterte': -1, 'poe': -1, 'roxas': -1, 'santiago': -1}","['sure', 'laman', 'transition', 'report', '@592fcc950b09e72334d11129', 'halos', 'walang', 'naging', 'function', 'binay', 'nung']"
592fcced0b09e72334d15337,"{'binay': 3, 'duterte': -1, 'poe': -1, 'roxas': -1, 'santiago': -1}","['there', 'million', 'reasons', 'binay', 'retire', 'million', 'reasons', 'new', 'projects', 'pop', 'makati']"
592fcced0b09e72334d1538b,"{'binay': 1, 'duterte': -1, 'poe': -1, 'roxas': 9, 'santiago': -1}","['natalo', 'binay', 'naman', 'ibig', 'sabihin', 'retired', 'pulitika', 'usec', 'benjamin', 'martinez']"
592fcced0b09e72334d1539f,"{'binay': 6, 'duterte': -1, 'poe': -1, 'roxas': -1, 'santiago': -1}","['@592fcc950b09e72334d1159b', 'hahahaha', 'teh', 'alam', 'bbm', 'crush', 'binay', '????']"
592fcced0b09e72334d153d6,"{'binay': 4, 'duterte': -1, 'poe': -1, 'roxas': -1, 'santiago': -1}","['agta', 'naka', 'anak', 'nka', 'binay', 'hooooy', 'itoma', 'nimo', 'naka', 'makita', 'pero', 'pinaka', 'best', 'linya', 'nagniwang', 'grabi', 'oooy']"
592fcced0b09e72334d153f7,"{'binay': 2, 'duterte': 6, 'poe': -1, 'roxas': -1, 'santiago': -1}","['bang', 'buck', 'binay', 'votes', 'arex', 'expensive', 'duterte', 'ballots']"
592fcced0b09e72334d1540c,"{'binay': 1, 'duterte': -1, 'poe': -1, 'roxas': -1, 'santiago': -1}","['tropa', 'binay', '?']"
592fcced0b09e72334d1543d,"{'binay': 1, 'duterte': -1, 'poe': -1, 'roxas': 1, 'santiago': -1}","['gamit', 'jejomar', 'binay', 'coconut', 'palace', 'sinimulan', 'nang', 'alisin', 'kanyang', 'staff', 'umaaksyon', '@592fcc950b09e72334d11221']"
592fcced0b09e72334d1544f,"{'binay': 1, 'duterte': -1, 'poe': -1, 'roxas': -1, 'santiago': -1}","['outgoing', 'binay', 'chief', 'staff', 'said', 'ovp', 'spent', 'than', 'budget', 'year']"
592fcced0b09e72334d155a8,"{'binay': 0, 'duterte': -1, 'poe': -1, 'roxas': -1, 'santiago': -1}","['binay', 'tutok', 'muna', 'foundation', 'matapos', 'matalo', 'prexy', 'bid', 'wala', 'umanong', 'balak', 'magre', 'retiro', 'outgoing']"
592fcced0b09e72334d155b1,"{'binay': 2, 'duterte': -1, 'poe': -1, 'roxas': -1, 'santiago': -1}","['nakapag', 'transition', 'binay', 'robredo', 'naman', 'friends', 'friends', 'friends', 'benefits', 'charot', 'last']"
592fcced0b09e72334d155b4,"{'binay': 0, 'duterte': -1, 'poe': -1, 'roxas': -1, 'santiago': -1}","['binay', 'robredo', 'transition', 'teams', 'meet']"
592fcced0b09e72334d155b6,"{'binay': 1, 'duterte': -1, 'poe': -1, 'roxas': -1, 'santiago': -1}","['outgoing', 'binay', 'incoming', 'leni', 'pupulong', 'read']"
592fcced0b09e72334d155fe,"{'binay': 0, 'duterte': -1, 'poe': -1, 'roxas': -1, 'santiago': -1}","['binay', 'magreretiro', 'politika']"
592fcced0b09e72334d15628,"{'binay': 9, 'duterte': -1, 'poe': -1, 'roxas': 9, 'santiago': -1}","['mahigit', 'iiwanang', 'pondo', 'ovp', 'robredo', 'tiniyak', 'opisyal', 'vice', 'president', 'jejomar', 'binay']"
592fcced0b09e72334d15636,"{'binay': 7, 'duterte': -1, 'poe': -1, 'roxas': -1, 'santiago': -1}","['pormal', 'ring', 'nagsagawa', 'turnover', 'status', 'report', 'tanggapan', 'binay', 'transition', 'team', 'robredo']"
592fcced0b09e72334d1567c,"{'binay': 3, 'duterte': -1, 'poe': -1, 'roxas': 3, 'santiago': -1}","['gamit', 'vice', 'president', 'jejomar', 'binay', 'coconut', 'palace', 'sinimulan', 'nang', 'hakutin', 'kanyang', 'tauhan']"
592fcced0b09e72334d15681,"{'binay': 8, 'duterte': -1, 'poe': -1, 'roxas': -1, 'santiago': -1}","['robredo', 'desisyon', 'gusto', 'rin', 'kunin', 'vpsg', 'vice', 'president', 'binay']"
592fcced0b09e72334d1575f,"{'binay': 2, 'duterte': -1, 'poe': -1, 'roxas': -1, 'santiago': -1}","['@592fcc950b09e72334d1178e', 'kasalanan', 'binay']"
592fcced0b09e72334d157b3,"{'binay': 2, 'duterte': -1, 'poe': -1, 'roxas': -1, 'santiago': -1}","['naalala', 'rosaryo', 'binay']"
592fcced0b09e72334d157c3,"{'binay': 5, 'duterte': -1, 'poe': -1, 'roxas': -1, 'santiago': -1}","['ngayon', 'transition', 'process', 'naisapinal', 'kampo', 'binay', 'robredo']"
592fcced0b09e72334d157dc,"{'binay': 12, 'duterte': -1, 'poe': -1, 'roxas': -1, 'santiago': -1}","['buti', 'nalang', 'agad', 'nalaman', 'tunay', 'kulay', 'wala', 'pang', 'buhay', 'budhi', 'pay', 'maitim', 'binay', 'kaya']"
592fcced0b09e72334d1581a,"{'binay': 12, 'duterte': -1, 'poe': -1, 'roxas': -1, 'santiago': -1}","['@592fcc950b09e72334d117a3', 'cute', 'tanggap', 'kid', 'hindi', 'kingina', 'g10', 'nako', 'kid', 'padin', '?', 'kasalanan', 'binay', 'huhu']"
592fcced0b09e72334d1584f,"{'binay': 6, 'duterte': -1, 'poe': -1, 'roxas': -1, 'santiago': -1}","['?', '@592fcc950b09e72334d117a8', '?', 'coach', 'bamboo', '??', 'binay', '???', 'mallari', '???', 'muntik', 'masagasaan', 'jeep', '??', 'bespren', 'orongan', '???']"
592fcced0b09e72334d15869,"{'binay': 3, 'duterte': -1, 'poe': -1, 'roxas': -1, 'santiago': -1}","['@592fcc950b09e72334d117ab', 'hahahahaha', 'uhmmmm', 'binay', 'tutal', 'nognog', 'naman', '?haha', '?']"
592fcced0b09e72334d15886,"{'binay': 0, 'duterte': -1, 'poe': -1, 'roxas': 4, 'santiago': -1}","['binay', 'chief', 'staff', 'benjie', 'martinez', 'said', 'ovp', 'spent', 'than', '?500', 'million', 'budget']"
592fcced0b09e72334d1596c,"{'binay': 0, 'duterte': -1, 'poe': -1, 'roxas': -1, 'santiago': -1}",['binay']
592fcced0b09e72334d159b3,"{'binay': 2, 'duterte': -1, 'poe': -1, 'roxas': -1, 'santiago': -1}","['disappointed', 'knowing', 'binay', 'term', 'spent', 'thanm', 'theirm', 'budget', 'dama', 'sanang', 'programs', 'nagawa', 'hay']"
592fcced0b09e72334d159cb,"{'binay': 2, 'duterte': -1, 'poe': -1, 'roxas': -1, 'santiago': -1}","['disappointed', 'knowing', 'binay', 'term', 'spent', 'thanm', 'theirm', 'budget', 'dami', 'sanang', 'programs', 'nagawa', 'hay']"
592fcced0b09e72334d159ee,"{'binay': 10, 'duterte': -1, 'poe': -1, 'roxas': -1, 'santiago': -1}","['@592fcc950b09e72334d117c4', 'kahit', 'nanalo', '@592fcc950b09e72334d1148d', 'gusto', 'rin', 'isulong', 'programang', 'pro', 'poor', 'binay']"
592fcced0b09e72334d15a18,"{'binay': 12, 'duterte': -1, 'poe': -1, 'roxas': -1, 'santiago': -1}","['@592fcc950b09e72334d11372', 'kris', 'aquino', 'top', 'contributor', 'leni', 'robredo', 'campaign', 'dun', 'napunta', 'pinagyayabang', 'nyang', 'binayad', 'tax', 'lol']"
592fcced0b09e72334d15a96,"{'binay': 8, 'duterte': -1, 'poe': -1, 'roxas': 3, 'santiago': -1}","['@592fcc950b09e72334d0ef9a', '@592fcc950b09e72334d11327', 'challenge', 'roxas', 'wer', 'blabbing', 'bout', 'rules', 'binay', 'last', 'debates', 'prove', 'hav', 'balls', 'follow', 'rule']"
592fcced0b09e72334d15ad3,"{'binay': 0, 'duterte': -1, 'poe': -1, 'roxas': -1, 'santiago': -1}","['binay', 'robredo', 'transition', 'teams', 'meet', 'via', '@592fcc950b09e72334d11185']"
592fcced0b09e72334d15ae0,"{'binay': 0, 'duterte': 4, 'poe': 6, 'roxas': 8, 'santiago': 2}","['binay', 'kahirapan', 'miriam', 'economy', 'duterte', 'criminality', 'poe', 'agriculture', 'roxas', 'tsinelas', 'korina']"
592fcced0b09e72334d15af7,"{'binay': 10, 'duterte': -1, 'poe': -1, 'roxas': -1, 'santiago': -1}","['@592fcc950b09e72334d117c4', 'kahit', 'nanalo', '@592fcc950b09e72334d1148d', 'gusto', 'rin', 'isulong', 'programang', 'pro', 'poor', 'binay']"
592fcced0b09e72334d15b42,"{'binay': 1, 'duterte': -1, 'poe': -1, 'roxas': -1, 'santiago': -1}","['naaawa', 'binay', 'roasted', 'nanaman']"
592fcced0b09e72334d15b4f,"{'binay': 8, 'duterte': -1, 'poe': -1, 'roxas': 3, 'santiago': -1}","['@592fcc950b09e72334d0ef9a', '@592fcc950b09e72334d11327', 'challenge', 'roxas', 'wer', 'blabbing', 'bout', 'rules', 'binay', 'last', 'debates', 'prove', 'hav', 'balls', 'follow', 'rule']"
592fcced0b09e72334d15b55,"{'binay': 8, 'duterte': -1, 'poe': -1, 'roxas': 3, 'santiago': -1}","['@592fcc950b09e72334d0ef9a', '@592fcc950b09e72334d11327', 'challenge', 'roxas', 'wer', 'blabbing', 'bout', 'rules', 'binay', 'last', 'debates', 'prove', 'hav', 'balls', 'follow', 'rule']"
592fcced0b09e72334d15b98,"{'binay': 3, 'duterte': -1, 'poe': -1, 'roxas': -1, 'santiago': -1}","['@592fcc950b09e72334d117eb', 'opo', 'hahahahahaha', 'binay']"
592fcced0b09e72334d15ba8,"{'binay': 10, 'duterte': -1, 'poe': -1, 'roxas': -1, 'santiago': -1}","['@592fcc950b09e72334d117c4', 'kahit', 'nanalo', '@592fcc950b09e72334d1148d', 'gusto', 'rin', 'isulong', 'programang', 'pro', 'poor', 'binay']"
592fcced0b09e72334d15bb1,"{'binay': 1, 'duterte': -1, 'poe': -1, 'roxas': -1, 'santiago': -1}","['kamukha', 'binay', 'haha']"
592fcced0b09e72334d15bbc,"{'binay': 2, 'duterte': -1, 'poe': -1, 'roxas': -1, 'santiago': -1}","['biglang', 'nagbrown', 'binay', '?']"
592fcced0b09e72334d15c2b,"{'binay': 0, 'duterte': -1, 'poe': -1, 'roxas': -1, 'santiago': -1}","['binay', 'walang', 'balak', 'magretiro', 'pulitika', '@592fcc950b09e72334d0feae', '@592fcc950b09e72334d0f60a']"
592fcced0b09e72334d15c2f,"{'binay': 4, 'duterte': -1, 'poe': -1, 'roxas': -1, 'santiago': -1}","['bitay', 'tapos', 'magiging', 'kamuka', 'binay']"
592fcced0b09e72334d15c46,"{'binay': 7, 'duterte': -1, 'poe': -1, 'roxas': -1, 'santiago': -1}","['@592fcc950b09e72334d117f8', 'kuya', 'wagka', 'dumikit', 'darren', 'nagmmuka', 'kang', 'binay', 'hahahha', '??', 'peace', '?']"
592fcced0b09e72334d15dcc,"{'binay': 3, 'duterte': -1, 'poe': -1, 'roxas': -1, 'santiago': -1}","['transition', 'team', 'nina', 'binay', 'elect', 'robredo', 'nagpulong', '@592fcc950b09e72334d11221', 'via', '@592fcc950b09e72334d1121b']"
592fcced0b09e72334d15deb,"{'binay': 0, 'duterte': -1, 'poe': -1, 'roxas': -1, 'santiago': -1}","['binay', 'binay', '?']"
592fcced0b09e72334d15df6,"{'binay': 0, 'duterte': -1, 'poe': -1, 'roxas': -1, 'santiago': -1}","['binay', 'appears', 'dad', 'kawatan']"
592fcced0b09e72334d15e3b,"{'binay': 9, 'duterte': -1, 'poe': -1, 'roxas': -1, 'santiago': -1}","['@592fcc950b09e72334d11811', 'hahahahaha', 'gyera', 'talaga', 'tyan', 'nun', 'hahaha', 'sana', 'nandun', 'binay', 'nasilayan', 'manlang', 'umeerna', 'hahaah']"
592fcced0b09e72334d15eaf,"{'binay': 2, 'duterte': -1, 'poe': -1, 'roxas': -1, 'santiago': -1}","['@592fcc950b09e72334d107b5', 'pinadala', 'binay', 'lugar', 'yokai', '?']"
592fcced0b09e72334d15f3f,"{'binay': 2, 'duterte': -1, 'poe': -1, 'roxas': -1, 'santiago': -1}","['@592fcc950b09e72334d1181e', 'pucha', 'binay', 'hahaha']"
592fcced0b09e72334d15f63,"{'binay': 5, 'duterte': -1, 'poe': -1, 'roxas': -1, 'santiago': -1}","['@592fcc950b09e72334d11822', 'hhahahahaaha', 'wag', 'baka', 'matunaw', 'binay', 'haha']"
592fcced0b09e72334d15fc8,"{'binay': 2, 'duterte': -1, 'poe': -1, 'roxas': 2, 'santiago': -1}","['@592fcc950b09e72334d0f9a2', 'joke', 'jejomar', 'binay', 'screaming', 'fangirls', 'hahaha', 'ageh', 'sweet', 'sarap', 'java', 'app', 'van', 'diri', 'naabot', 'time', 'hahaha']"
592fcced0b09e72334d16003,"{'binay': 2, 'duterte': -1, 'poe': -1, 'roxas': -1, 'santiago': -1}","['anyare', 'kaya', 'binay', 'haha']"
592fcced0b09e72334d16093,"{'binay': 0, 'duterte': -1, 'poe': -1, 'roxas': 4, 'santiago': -1}","['binay', 'chief', 'staff', 'benjie', 'martinez', 'said', 'ovp', 'spent', 'than', '?500', 'million', 'budget']"
592fcced0b09e72334d160d8,"{'binay': 2, 'duterte': -1, 'poe': -1, 'roxas': -1, 'santiago': -1}","['@592fcc950b09e72334d1184a', 'hahahaha', 'binay', 'peg']"
592fcced0b09e72334d160eb,"{'binay': 5, 'duterte': -1, 'poe': -1, 'roxas': 4, 'santiago': -1}","['@592fcc950b09e72334d1156e', 'diba', 'tse', 'tso', 'mar', 'binay', '?']"
592fcced0b09e72334d1610d,"{'binay': 6, 'duterte': -1, 'poe': -1, 'roxas': -1, 'santiago': -1}","['lipstick', 'squad', 'hahaha', 'sasama', 'burgos', 'medyo', 'binay', 'adviser', 'amf']"
592fcced0b09e72334d1619b,"{'binay': 1, 'duterte': -1, 'poe': -1, 'roxas': -1, 'santiago': -1}","['@592fcc950b09e72334d1185d', 'binay', 'naging', 'presidente', 'hahahahahaha']"
592fcced0b09e72334d161c8,"{'binay': 1, 'duterte': -1, 'poe': -1, 'roxas': -1, 'santiago': -1}","['@592fcc950b09e72334d11860', 'binay']"
592fcced0b09e72334d161d7,"{'binay': 2, 'duterte': -1, 'poe': -1, 'roxas': -1, 'santiago': -1}","['@592fcc950b09e72334d11863', 'read', 'binay', 'father', 'son', 'attended', 'hoarded', 'toys']"
592fcced0b09e72334d1620b,"{'binay': 5, 'duterte': -1, 'poe': -1, 'roxas': -1, 'santiago': -1}","['feel', 'uncomfortable', 'mas', 'nag', 'una', 'binay', 'kaysa', 'mds', '?']"
592fcced0b09e72334d16217,"{'binay': 0, 'duterte': -1, 'poe': -1, 'roxas': -1, 'santiago': -1}","['binay', 'heart', 'heart', 'hahahaha']"
592fcced0b09e72334d16246,"{'binay': 4, 'duterte': -1, 'poe': -1, 'roxas': 2, 'santiago': -1}","['incompetence', 'hypocricy', 'mar', 'yapping', 'binay', 'stupid', 'notes', 'cannot', 'comply', 'rules']"
592fcced0b09e72334d16282,"{'binay': 1, 'duterte': -1, 'poe': -1, 'roxas': -1, 'santiago': -1}","['wella', 'binay', 'buenaobra']"
592fcced0b09e72334d1629a,"{'binay': 4, 'duterte': -1, 'poe': -1, 'roxas': -1, 'santiago': -1}","['scene', 'sabi', 'shit', 'nakakatakot', 'binay', '???']"
592fcced0b09e72334d162a8,"{'binay': 7, 'duterte': -1, 'poe': -1, 'roxas': -1, 'santiago': -1}","['@592fcc950b09e72334d1187f', 'hahaha', 'bakit', 'wala', 'protektado', 'ata', 'lolo', 'binay']"
592fcced0b09e72334d162d5,"{'binay': 2, 'duterte': -1, 'poe': -1, 'roxas': -1, 'santiago': -1}","['@592fcc950b09e72334d11881', 'gwapo', 'binay', '?????']"
592fcced0b09e72334d16396,"{'binay': 3, 'duterte': -1, 'poe': -1, 'roxas': -1, 'santiago': -1}","['@592fcc950b09e72334d1188b', '@592fcc950b09e72334d112b9', 'hahaahaha', 'binay', 'itu', 'hahaha', 'gusto', 'punta', 'dun', 'enchanted', 'river', 'sbe', 'sayu', 'achi', 'dba', 'waaa']"
592fcced0b09e72334d163a4,"{'binay': 10, 'duterte': -1, 'poe': -1, 'roxas': -1, 'santiago': -1}","['sabi', 'tama', 'nakita', 'kagabi', 'andoon', 'makati', 'former', 'mayor', 'jun', 'jun', 'binay', 'playing']"
592fcced0b09e72334d1648e,"{'binay': 4, 'duterte': -1, 'poe': -1, 'roxas': -1, 'santiago': -1}","['iba', 'laro', 'stephen', 'curry', 'binay', 'ulit', 'binayaran', '???']"
592fcced0b09e72334d164f7,"{'binay': 4, 'duterte': -1, 'poe': -1, 'roxas': 2, 'santiago': -1}","['incompetence', 'hypocricy', 'mar', 'yapping', 'binay', 'stupid', 'notes', 'cannot', 'comply', 'rules']"
592fcced0b09e72334d16627,"{'binay': 3, 'duterte': -1, 'poe': -1, 'roxas': -1, 'santiago': -1}","['@592fcc950b09e72334d0ed1e', 'least', 'pnoy', 'binay', 'given', 'cabinet', 'positions', 'despite', 'coming', 'diff', 'party', 'this', 'wala', 'talaga']"
592fcced0b09e72334d1663b,"{'binay': 12, 'duterte': -1, 'poe': -1, 'roxas': -1, 'santiago': -1}","['imagine', 'totoong', 'nadaya', 'talaga', 'ulit', 'vprace', 'ngayon', 'ibig', 'sbhin', 'straight', 'elections', 'dinaya', 'binay', 'nandaya', 'nun', 'sabi']"
592fcced0b09e72334d1669b,"{'binay': 3, 'duterte': -1, 'poe': -1, 'roxas': -1, 'santiago': -1}","['hotdog', 'niluto', 'naging', 'binay', 'iba']"
592fcced0b09e72334d166d2,"{'binay': 2, 'duterte': -1, 'poe': -1, 'roxas': -1, 'santiago': -1}","['@592fcc950b09e72334d118be', 'tita', 'binay', 'yun', 'bakit', 'mas', 'lalo', 'kong', 'napraning', 'huhu', '??']"
592fcced0b09e72334d166d4,"{'binay': 7, 'duterte': -1, 'poe': -1, 'roxas': -1, 'santiago': -1}","['historically', 'speaking', 'vps', 'higher', 'trust', 'ratings', 'president', 'binay', 'higher', 'trust', 'ratings', 'early', 'part', 'term']"
592fcced0b09e72334d16717,"{'binay': 1, 'duterte': -1, 'poe': -1, 'roxas': -1, 'santiago': -1}","['burger', 'binay', 'hahaha', '\U000fe334\U000fe334']"
592fcced0b09e72334d16762,"{'binay': 8, 'duterte': -1, 'poe': -1, 'roxas': 1, 'santiago': -1}","['@592fcc950b09e72334d0ed2c', 'mar', 'roxas', 'dala', 'inc', 'noong', 'pero', 'natalo', 'binay', 'close', 'fight', 'pero', 'sadyang', 'talo', 'sir']"
592fcced0b09e72334d16769,"{'binay': 7, 'duterte': -1, 'poe': -1, 'roxas': -1, 'santiago': -1}","['share', 'lang', 'kahapon', 'toycon', 'smx', 'nakita', 'nmin', 'binay', 'kinawayan', 'kinawayan', 'ako', 'haha', '?']"
592fcced0b09e72334d1678a,"{'binay': 3, 'duterte': -1, 'poe': -1, 'roxas': -1, 'santiago': -1}","['hahahaha', 'kimberly', 'taling', 'binay', '?']"
592fcced0b09e72334d16791,"{'binay': 0, 'duterte': -1, 'poe': -1, 'roxas': -1, 'santiago': -1}","['binay', 'burger']"
592fcced0b09e72334d1683e,"{'binay': 4, 'duterte': -1, 'poe': -1, 'roxas': -1, 'santiago': -1}","['bigla', 'naisip', 'campaign', 'song', 'binay', 'tag', 'jks', 'hahaha', 'ylona', 'garcia']"
592fcced0b09e72334d16844,"{'binay': 4, 'duterte': -1, 'poe': -1, 'roxas': -1, 'santiago': -1}","['bigla', 'naisip', 'campaign', 'song', 'binay', 'tag', 'jks', 'hahaha', 'ylona', 'garcia']"
592fcced0b09e72334d16849,"{'binay': 4, 'duterte': -1, 'poe': -1, 'roxas': -1, 'santiago': -1}","['bigla', 'naisip', 'campaign', 'song', 'binay', 'tag', 'jks', 'hahaha', 'ylona', 'garcia']"
592fcced0b09e72334d168d1,"{'binay': 6, 'duterte': -1, 'poe': -1, 'roxas': -1, 'santiago': -1}","['@592fcc950b09e72334d118e9', '@592fcc950b09e72334d118ea', 'tangina', 'mamamatay', 'rin', 'kita', 'binay', 'pakyu', 'sagad', '?']"
592fcced0b09e72334d16900,"{'binay': 1, 'duterte': -1, 'poe': -1, 'roxas': -1, 'santiago': -1}","['robredo', 'binay', 'plan', 'informal', 'transition', 'meeting', 'june', '@592fcc950b09e72334d1148d', '@592fcc950b09e72334d11129']"
592fcced0b09e72334d16952,"{'binay': 9, 'duterte': -1, 'poe': -1, 'roxas': -1, 'santiago': -1}","['@592fcc950b09e72334d118f7', 'mao', 'unta', 'nang', 'plano', 'galeng', 'dugay', 'mutubo', 'professor', 'binay', 'hahhaha']"
592fcced0b09e72334d16a0c,"{'binay': 3, 'duterte': -1, 'poe': -1, 'roxas': -1, 'santiago': -1}","['@592fcc950b09e72334d11905', 'korekorekorekok', 'krun', 'binay', 'flavored']"
592fcced0b09e72334d16a51,"{'binay': 6, 'duterte': -1, 'poe': -1, 'roxas': -1, 'santiago': -1}","['@592fcc950b09e72334d11907', '@592fcc950b09e72334d11908', '@592fcc950b09e72334d11909', '@592fcc950b09e72334d1115c', 'haha', 'pano', 'binay', 'manalo', 'adminwla', 'syang', 'power', 'leni', 'tao', 'pnoy']"
592fcced0b09e72334d16ae5,"{'binay': 2, 'duterte': -1, 'poe': -1, 'roxas': -1, 'santiago': -1}","['@592fcc950b09e72334d10e1f', 'parang', 'binay', 'hahaha']"
592fcced0b09e72334d16b3d,"{'binay': 3, 'duterte': 1, 'poe': -1, 'roxas': -1, 'santiago': -1}","['pres', 'digong', 'plus', 'binay', '???', 'perfect', 'match', '@592fcc950b09e72334d11924', '@592fcc950b09e72334d11925', 'hahahaaaha']"
592fcced0b09e72334d16b94,"{'binay': 6, 'duterte': -1, 'poe': -1, 'roxas': -1, 'santiago': -1}","['@592fcc950b09e72334d11936', '@592fcc950b09e72334d11937', 'agree', 'shld', 'thankful', 'dat', 'binay', 'bought', 'votes', 'last', 'him', 'one', 'won', 'shld', 'gibo']"
592fcced0b09e72334d16cc7,"{'binay': 10, 'duterte': -1, 'poe': -1, 'roxas': -1, 'santiago': -1}","['how', 'bastard', 'orphan', 'son', 'librarian', 'grow', 'politician', 'plunderer', 'everyone', 'jojo', 'binay']"
592fcced0b09e72334d16cc9,"{'binay': 10, 'duterte': -1, 'poe': -1, 'roxas': -1, 'santiago': -1}","['how', 'bastard', 'orphan', 'son', 'librarian', 'grow', 'politician', 'plunderer', 'everyone', 'jojo', 'binay']"
592fcced0b09e72334d16ed6,"{'binay': 5, 'duterte': -1, 'poe': -1, 'roxas': -1, 'santiago': -1}","['@592fcc950b09e72334d1196d', 'luna', 'alam', 'artikulo', 'uno', 'binay', 'teka', 'wala', 'kong', 'notes', 'hahahahahaha']"
592fcced0b09e72334d16f10,"{'binay': 4, 'duterte': -1, 'poe': -1, 'roxas': -1, 'santiago': -1}","['luna', 'alam', 'artikulo', 'uno', 'binay', 'teka', 'wala', 'kong', 'notes']"
592fcced0b09e72334d16f35,"{'binay': 2, 'duterte': -1, 'poe': -1, 'roxas': -1, 'santiago': -1}","['@592fcc950b09e72334d10dc1', 'ahhahahahahahahah', 'binay']"
592fcced0b09e72334d16f50,"{'binay': 4, 'duterte': 3, 'poe': -1, 'roxas': 5, 'santiago': -1}","['sus', 'extension', 'pero', 'duterte', 'binay', 'marcos', 'exemption', 'bias', 'comelec']"
592fcced0b09e72334d1702a,"{'binay': 2, 'duterte': -1, 'poe': -1, 'roxas': -1, 'santiago': -1}","['@592fcc950b09e72334d10e1f', 'parang', 'binay', 'hahaha']"
592fcced0b09e72334d17041,"{'binay': 0, 'duterte': -1, 'poe': -1, 'roxas': -1, 'santiago': -1}","['binay', 'dumating', 'rizal', 'park']"
592fcced0b09e72334d17049,"{'binay': 0, 'duterte': -1, 'poe': -1, 'roxas': -1, 'santiago': -1}","['binay', 'nasa', 'rizal', 'park', 'rin', 'via', '@592fcc950b09e72334d11397']"
592fcced0b09e72334d1704d,"{'binay': 0, 'duterte': -1, 'poe': -1, 'roxas': -1, 'santiago': -1}","['binay', 'nasa', 'rizal', 'park', 'rin', 'via', '@592fcc950b09e72334d11397']"
592fcced0b09e72334d1705b,"{'binay': 0, 'duterte': -1, 'poe': -1, 'roxas': 0, 'santiago': -1}","['jejomar', 'binay', 'rizal', 'park', 'celebration']"
592fcced0b09e72334d1706d,"{'binay': 3, 'duterte': -1, 'poe': -1, 'roxas': -1, 'santiago': -1}","['kacute', 'upod', 'noynoy', 'binay', 'haha']"
592fcced0b09e72334d1706e,"{'binay': 9, 'duterte': -1, 'poe': -1, 'roxas': 9, 'santiago': -1}","['kasalukuyang', 'itinataas', 'watawat', 'pilipinas', 'luneta', 'magkasama', 'sina', 'pangulong', 'pnoy', 'jejomar', 'binay', 'manila', 'mayor', 'joseph', 'estrada']"
592fcced0b09e72334d1706f,"{'binay': 6, 'duterte': -1, 'poe': -1, 'roxas': -1, 'santiago': -1}","['pres', 'aquino', 'leads', 'flag', 'raising', 'ceremony', 'binay', 'mayor', 'erap', 'members', 'cabinet']"
592fcced0b09e72334d17074,"{'binay': 1, 'duterte': -1, 'poe': -1, 'roxas': -1, 'santiago': -1}","['@592fcc950b09e72334d0ed2c', 'binay', 'hahaha']"
592fcced0b09e72334d17075,"{'binay': 0, 'duterte': -1, 'poe': -1, 'roxas': -1, 'santiago': -1}","['binay', 'dumating', 'rizal', 'park', 'via', '@592fcc950b09e72334d10e24']"
592fcced0b09e72334d1707a,"{'binay': 5, 'duterte': -1, 'poe': -1, 'roxas': -1, 'santiago': -1}","['watch', 'philippine', 'flag', 'hoisted', 'pnoy', 'binay', 'manila', 'mayor', 'estrada', 'afp', 'officials', '@592fcc950b09e72334d118b3']"
592fcced0b09e72334d1707b,"{'binay': 5, 'duterte': -1, 'poe': -1, 'roxas': -1, 'santiago': -1}","['watch', 'philippine', 'flag', 'hoisted', 'pnoy', 'binay', 'manila', 'mayor', 'estrada', 'afp', 'officials', '@592fcc950b09e72334d118b3']"
592fcced0b09e72334d1707c,"{'binay': 1, 'duterte': -1, 'poe': -1, 'roxas': -1, 'santiago': -1}","['pnoy', 'binay', 'lead', 'flag', 'raising', 'ceremony', 'ofth', 'independence', 'day', 'celebration', 'rizal', 'park']"
592fcced0b09e72334d1707e,"{'binay': 6, 'duterte': -1, 'poe': -1, 'roxas': -1, 'santiago': -1}","['pansin', 'lang', 'laki', 'space', 'pagitan', 'noy', 'binay', 'habang', 'itinataas', 'watawat', 'anyway', 'mas']"
592fcced0b09e72334d17082,"{'binay': 5, 'duterte': -1, 'poe': -1, 'roxas': -1, 'santiago': -1}","['watch', 'philippine', 'flag', 'hoisted', 'pnoy', 'binay', 'manila', 'mayor', 'estrada', 'afp', 'officials', '@592fcc950b09e72334d118b3']"
592fcced0b09e72334d17083,"{'binay': 5, 'duterte': -1, 'poe': -1, 'roxas': -1, 'santiago': -1}","['watch', 'philippine', 'flag', 'hoisted', 'pnoy', 'binay', 'manila', 'mayor', 'estrada', 'afp', 'officials', '@592fcc950b09e72334d118b3']"
592fcced0b09e72334d17085,"{'binay': 5, 'duterte': -1, 'poe': -1, 'roxas': -1, 'santiago': -1}","['watch', 'philippine', 'flag', 'hoisted', 'pnoy', 'binay', 'manila', 'mayor', 'estrada', 'afp', 'officials', '@592fcc950b09e72334d118b3']"
592fcced0b09e72334d17086,"{'binay': 5, 'duterte': -1, 'poe': -1, 'roxas': -1, 'santiago': -1}","['watch', 'philippine', 'flag', 'hoisted', 'pnoy', 'binay', 'manila', 'mayor', 'estrada', 'afp', 'officials', '@592fcc950b09e72334d118b3']"
592fcced0b09e72334d17088,"{'binay': 1, 'duterte': -1, 'poe': -1, 'roxas': -1, 'santiago': -1}","['pnoy', 'binay', 'lead', 'flag', 'raising', 'ceremony', 'ofth', 'independence', 'day', 'celebration', 'rizal', 'park', '@592fcc950b09e72334d10e3a']"
592fcced0b09e72334d17089,"{'binay': 5, 'duterte': -1, 'poe': -1, 'roxas': -1, 'santiago': -1}","['watch', 'philippine', 'flag', 'hoisted', 'pnoy', 'binay', 'manila', 'mayor', 'estrada', 'afp', 'officials', '@592fcc950b09e72334d118b3']"
592fcced0b09e72334d1708a,"{'binay': 5, 'duterte': -1, 'poe': -1, 'roxas': -1, 'santiago': -1}","['watch', 'philippine', 'flag', 'hoisted', 'pnoy', 'binay', 'manila', 'mayor', 'estrada', 'afp', 'officials', '@592fcc950b09e72334d118b3']"
592fcced0b09e72334d1708f,"{'binay': 5, 'duterte': -1, 'poe': -1, 'roxas': -1, 'santiago': -1}","['watch', 'philippine', 'flag', 'hoisted', 'pnoy', 'binay', 'manila', 'mayor', 'estrada', 'afp', 'officials', '@592fcc950b09e72334d118b3']"
592fcced0b09e72334d17091,"{'binay': 6, 'duterte': -1, 'poe': -1, 'roxas': -1, 'santiago': -1}","['pres', 'aquino', 'leads', 'flag', 'raising', 'ceremony', 'binay', 'mayor', 'erap', 'members', 'cabinet']"
592fcced0b09e72334d17093,"{'binay': 6, 'duterte': -1, 'poe': -1, 'roxas': -1, 'santiago': -1}","['pres', 'aquino', 'leads', 'flag', 'raising', 'ceremony', 'binay', 'mayor', 'erap', 'members', 'cabinet']"
592fcced0b09e72334d170a1,"{'binay': 5, 'duterte': -1, 'poe': -1, 'roxas': -1, 'santiago': -1}","['watch', 'philippine', 'flag', 'hoisted', 'pnoy', 'binay', 'manila', 'mayor', 'estrada', 'afp', 'officials', '@592fcc950b09e72334d118b3']"
592fcced0b09e72334d170a9,"{'binay': 5, 'duterte': -1, 'poe': -1, 'roxas': -1, 'santiago': -1}","['watch', 'philippine', 'flag', 'hoisted', 'pnoy', 'binay', 'manila', 'mayor', 'estrada', 'afp', 'officials', '@592fcc950b09e72334d118b3']"
592fcced0b09e72334d170ab,"{'binay': 5, 'duterte': -1, 'poe': -1, 'roxas': -1, 'santiago': -1}","['watch', 'philippine', 'flag', 'hoisted', 'pnoy', 'binay', 'manila', 'mayor', 'estrada', 'afp', 'officials', '@592fcc950b09e72334d118b3']"
592fcced0b09e72334d170ad,"{'binay': 5, 'duterte': -1, 'poe': -1, 'roxas': -1, 'santiago': -1}","['watch', 'philippine', 'flag', 'hoisted', 'pnoy', 'binay', 'manila', 'mayor', 'estrada', 'afp', 'officials', '@592fcc950b09e72334d118b3']"
592fcced0b09e72334d170b4,"{'binay': 5, 'duterte': -1, 'poe': -1, 'roxas': -1, 'santiago': -1}","['watch', 'philippine', 'flag', 'hoisted', 'pnoy', 'binay', 'manila', 'mayor', 'estrada', 'afp', 'officials', '@592fcc950b09e72334d118b3']"
592fcced0b09e72334d170b6,"{'binay': 3, 'duterte': -1, 'poe': -1, 'roxas': -1, 'santiago': -1}","['bayot', 'gabie', 'rag', 'binay', 'hahahah', '???']"
592fcced0b09e72334d170d3,"{'binay': 5, 'duterte': -1, 'poe': -1, 'roxas': -1, 'santiago': -1}","['watch', 'philippine', 'flag', 'hoisted', 'pnoy', 'binay', 'manila', 'mayor', 'estrada', 'afp', 'officials', '@592fcc950b09e72334d118b3']"
592fcced0b09e72334d170de,"{'binay': 5, 'duterte': -1, 'poe': -1, 'roxas': -1, 'santiago': -1}","['watch', 'philippine', 'flag', 'hoisted', 'pnoy', 'binay', 'manila', 'mayor', 'estrada', 'afp', 'officials', '@592fcc950b09e72334d118b3']"
592fcced0b09e72334d170e5,"{'binay': 5, 'duterte': -1, 'poe': -1, 'roxas': -1, 'santiago': -1}","['watch', 'philippine', 'flag', 'hoisted', 'pnoy', 'binay', 'manila', 'mayor', 'estrada', 'afp', 'officials', '@592fcc950b09e72334d118b3']"
592fcced0b09e72334d1710b,"{'binay': 1, 'duterte': -1, 'poe': -1, 'roxas': 1, 'santiago': -1}","['outgoing', 'jejomar', 'binay', 'inamin', 'posibleng', 'bumalik', 'gobyerno', '@592fcc950b09e72334d0f79c']"
592fcced0b09e72334d17112,"{'binay': 3, 'duterte': -1, 'poe': -1, 'roxas': -1, 'santiago': -1}","['ovp', 'bares', 'achievements', 'binay', '@592fcc950b09e72334d1148d']"
592fcced0b09e72334d17114,"{'binay': 1, 'duterte': -1, 'poe': -1, 'roxas': -1, 'santiago': -1}","['jojo', 'binay', 'remain', 'public', 'service', 'around', 'says', '@592fcc950b09e72334d1114a']"
592fcced0b09e72334d17121,"{'binay': 1, 'duterte': -1, 'poe': -1, 'roxas': -1, 'santiago': -1}","['jojo', 'binay', 'remain', 'public', 'service', 'around', 'says', '@592fcc950b09e72334d10e68']"
592fcced0b09e72334d17122,"{'binay': 1, 'duterte': -1, 'poe': -1, 'roxas': -1, 'santiago': -1}","['jojo', 'binay', 'remain', 'public', 'service', 'around', 'says', '@592fcc950b09e72334d10e68']"
592fcced0b09e72334d17134,"{'binay': 0, 'duterte': -1, 'poe': -1, 'roxas': -1, 'santiago': -1}","['binay', 'iba', 'pang', 'miyembro', 'gabinete', 'kasamang', 'dumalo', 'flag', 'ceremony']"
592fcced0b09e72334d17137,"{'binay': 0, 'duterte': -1, 'poe': -1, 'roxas': -1, 'santiago': -1}","['binay', 'iba', 'pang', 'miyembro', 'gabinete', 'kasamang', 'dumalo', 'flag', 'ceremony']"
592fcced0b09e72334d17144,"{'binay': 1, 'duterte': -1, 'poe': -1, 'roxas': -1, 'santiago': -1}","['jojo', 'binay', 'remain', 'public', 'service', 'around', 'says', '@592fcc950b09e72334d10e68']"
592fcced0b09e72334d1717b,"{'binay': 2, 'duterte': -1, 'poe': -1, 'roxas': -1, 'santiago': -1}","['find', 'sure', 'binay', 'country']"
592fcced0b09e72334d17192,"{'binay': 2, 'duterte': -1, 'poe': -1, 'roxas': -1, 'santiago': -1}","['nasa', 'toycon', 'binay', 'hahaha']"
592fcced0b09e72334d171ff,"{'binay': 6, 'duterte': -1, 'poe': -1, 'roxas': -1, 'santiago': -1}","['pres', 'aquino', 'leads', 'flag', 'raising', 'ceremony', 'binay', 'mayor', 'erap', 'members', 'cabinet']"
592fcced0b09e72334d1721a,"{'binay': 5, 'duterte': -1, 'poe': -1, 'roxas': -1, 'santiago': -1}","['@592fcc950b09e72334d1199f', 'forever', 'taga', 'kabila', 'peter', 'binay', 'piso', 'madre']"
592fcced0b09e72334d17247,"{'binay': 7, 'duterte': -1, 'poe': -1, 'roxas': -1, 'santiago': -1}","['@592fcc950b09e72334d119a3', 'sorry', 'mali', 'pindot', 'send', 'hahaha', 'kamusta', 'binay', 'kamusta', 'nanutella', 'hahahaha']"
592fcced0b09e72334d1724d,"{'binay': 0, 'duterte': 5, 'poe': -1, 'roxas': -1, 'santiago': -1}","['binay', 'inaming', 'nakausap', 'president', 'elect', 'rodrigo', 'duterte', 'via', '@592fcc950b09e72334d119a4']"
592fcced0b09e72334d1728a,"{'binay': 3, 'duterte': -1, 'poe': -1, 'roxas': -1, 'santiago': -1}","['ovp', 'bares', 'achievements', 'binay']"
592fcced0b09e72334d1728d,"{'binay': 3, 'duterte': -1, 'poe': -1, 'roxas': -1, 'santiago': -1}","['?get', 'new', 'followers', 'binay', 'earth']"
592fcced0b09e72334d172a1,"{'binay': 0, 'duterte': -1, 'poe': 3, 'roxas': -1, 'santiago': -1}","['binay', 'said', 'strike', 'grace', 'poe', 'down', 'lord', 'chiz', 'take', 'place', 'side', 'together', 'rule']"
592fcced0b09e72334d172ad,"{'binay': 3, 'duterte': -1, 'poe': -1, 'roxas': -1, 'santiago': -1}","['ovp', 'bares', 'achievements', 'binay']"
592fcced0b09e72334d172b4,"{'binay': 6, 'duterte': -1, 'poe': -1, 'roxas': -1, 'santiago': -1}","['pres', 'aquino', 'leads', 'flag', 'raising', 'ceremony', 'binay', 'mayor', 'erap', 'members', 'cabinet']"
592fcced0b09e72334d172bb,"{'binay': 1, 'duterte': -1, 'poe': -1, 'roxas': 1, 'santiago': -1}","['outgoing', 'jejomar', 'binay', 'inamin', 'posibleng', 'bumalik', 'gobyerno', '@592fcc950b09e72334d0f79c']"
592fcced0b09e72334d172be,"{'binay': 3, 'duterte': -1, 'poe': -1, 'roxas': -1, 'santiago': -1}","['@592fcc950b09e72334d119aa', '@592fcc950b09e72334d119ab', 'stop', 'binay']"
592fcced0b09e72334d172cd,"{'binay': 5, 'duterte': -1, 'poe': -1, 'roxas': -1, 'santiago': -1}","['watch', 'philippine', 'flag', 'hoisted', 'pnoy', 'binay', 'manila', 'mayor', 'estrada', 'afp', 'officials', '@592fcc950b09e72334d118b3']"
592fcced0b09e72334d17321,"{'binay': 3, 'duterte': -1, 'poe': -1, 'roxas': -1, 'santiago': -1}","['bukas', 'magpapakilala', 'ako', 'binay', 'nognog', 'pandak', 'laki', 'hirap']"
592fcced0b09e72334d17343,"{'binay': 8, 'duterte': -1, 'poe': -1, 'roxas': -1, 'santiago': -1}","['kuya', 'ice', 'cream', 'yan', 'mam', 'cream', 'ice', 'flavor', 'binay', 'escudero', 'bwahahahhahaha']"
592fcced0b09e72334d17349,"{'binay': 6, 'duterte': -1, 'poe': -1, 'roxas': 2, 'santiago': -1}","['tunay', 'ama', 'maria', 'clara', 'sings', 'sino', 'binay']"
592fcced0b09e72334d1734a,"{'binay': 3, 'duterte': -1, 'poe': -1, 'roxas': -1, 'santiago': -1}","['bonifacio', 'sedula', 'yan', 'binay', 'dude', 'notes']"
592fcced0b09e72334d1734b,"{'binay': 4, 'duterte': -1, 'poe': -1, 'roxas': -1, 'santiago': -1}","['luna', 'alam', 'artikulo', 'uno', 'binay', 'teka', 'wala', 'kong', 'notes']"
592fcced0b09e72334d17398,"{'binay': 0, 'duterte': -1, 'poe': -1, 'roxas': -1, 'santiago': -1}","['binay', 'dennise', 'iya', 'balay', 'bastos']"
592fcced0b09e72334d173ae,"{'binay': 1, 'duterte': -1, 'poe': -1, 'roxas': -1, 'santiago': -1}","['ngaman', 'binay', 'moko', '??', '@592fcc950b09e72334d119c2']"
592fcced0b09e72334d1742d,"{'binay': 0, 'duterte': -1, 'poe': -1, 'roxas': -1, 'santiago': -1}","['binay', 'dimakita', 'bakit', 'kaya', 'makita']"
592fcced0b09e72334d17447,"{'binay': 4, 'duterte': -1, 'poe': -1, 'roxas': -1, 'santiago': -1}","['luna', 'bayan', 'sarili', 'pumili', 'binay', 'wala', 'bang', 'pera', 'pagpipilian']"
592fcced0b09e72334d1744e,"{'binay': 3, 'duterte': -1, 'poe': -1, 'roxas': -1, 'santiago': -1}","['@592fcc950b09e72334d119ca', 'cool', 'kid', 'binay', 'football', 'letran', 'high', 'tine', 'leon', 'haha']"
592fcced0b09e72334d17479,"{'binay': 3, 'duterte': -1, 'poe': -1, 'roxas': -1, 'santiago': -1}","['ovp', 'bares', 'achievements', 'binay']"
592fcced0b09e72334d174a0,"{'binay': 5, 'duterte': -1, 'poe': -1, 'roxas': -1, 'santiago': -1}","['isa', 'nalang', 'mabilin', 'yah', '??', 'binay', 'apat', 'huhuhu', 'sanay', 'naman', '?????']"
592fcced0b09e72334d174b6,"{'binay': 4, 'duterte': -1, 'poe': -1, 'roxas': -1, 'santiago': -1}","['luna', 'bayan', 'sarili', 'pumili', 'binay', 'bes', 'wala', 'bang', 'pera', 'pagpipilian']"
592fcced0b09e72334d174c4,"{'binay': 2, 'duterte': -1, 'poe': -1, 'roxas': -1, 'santiago': -1}","['daming', 'nasasabi', 'binay', 'nagawa', 'nung', 'mayor', 'makati', 'kaya', 'ibida', 'nagawa', 'nung', 'bisepresidente', 'pinas']"
592fcced0b09e72334d17564,"{'binay': 10, 'duterte': -1, 'poe': -1, 'roxas': -1, 'santiago': -1}","['philippine', 'independence', 'day', 'rizal', 'monument', 'luneta', 'park', 'president', 'noynoy', 'aquino', 'binay', 'mayor', 'erap']"
592fcced0b09e72334d175e6,"{'binay': 7, 'duterte': -1, 'poe': -1, 'roxas': -1, 'santiago': -1}","['wonderful', 'alden', '@592fcc950b09e72334d119df', 'bashers', 'mas', 'galit', 'kesa', 'binay', 'nga']"
592fcced0b09e72334d1760a,"{'binay': 1, 'duterte': -1, 'poe': -1, 'roxas': 1, 'santiago': -1}","['baka', 'jejomar', 'binay', 'lul']"
592fcced0b09e72334d17624,"{'binay': 4, 'duterte': -1, 'poe': -1, 'roxas': -1, 'santiago': -1}","['year', 'nakakalipas', 'nangyari', 'tito', 'binay']"
592fcced0b09e72334d17644,"{'binay': 1, 'duterte': -1, 'poe': -1, 'roxas': -1, 'santiago': -1}","['@592fcc950b09e72334d119f8', 'binay', 'nako', 'sue']"
592fcced0b09e72334d176be,"{'binay': 3, 'duterte': -1, 'poe': -1, 'roxas': -1, 'santiago': -1}","['?', 'looks', 'like', 'binay', 'biggest', 'loser', 'poor', 'cayetano']"
592fcced0b09e72334d176c8,"{'binay': 1, 'duterte': -1, 'poe': -1, 'roxas': -1, 'santiago': -1}","['@592fcc950b09e72334d11a0e', 'binay']"
592fcced0b09e72334d176d3,"{'binay': 5, 'duterte': -1, 'poe': -1, 'roxas': -1, 'santiago': -1}","['benta', 'parin', 'paglingon', 'lorraine', 'mukha', 'binay', 'nakita', 'hahaha']"
592fcced0b09e72334d176f6,"{'binay': 1, 'duterte': -1, 'poe': -1, 'roxas': -1, 'santiago': -1}","['hahahaha', 'binay', 'nasa', 'conjuring', 'hahahaah', 'laughtrip', '????']"
592fcced0b09e72334d17758,"{'binay': 4, 'duterte': -1, 'poe': -1, 'roxas': -1, 'santiago': -1}","['akala', 'nagkahulihan', 'hahahaha', '@592fcc950b09e72334d11a23', 'binay', 'mojica']"
592fcced0b09e72334d17761,"{'binay': 2, 'duterte': -1, 'poe': -1, 'roxas': -1, 'santiago': -1}","['saturday', 'cheat', 'binay', 'baste', 'recital', 'city', 'bacoor']"
592fcced0b09e72334d177cb,"{'binay': 1, 'duterte': -1, 'poe': -1, 'roxas': -1, 'santiago': -1}","['@592fcc950b09e72334d11a37', 'binay', 'besh', 'yesh', 'hahahaha']"
592fcced0b09e72334d177f4,"{'binay': 2, 'duterte': -1, 'poe': -1, 'roxas': -1, 'santiago': -1}","['ayaw', 'talaga', 'binay', 'hahaha']"
